"Label (Grouping)","Census Tract 301; Randolph County; North Carolina!!Estimate","Census Tract 301; Randolph County; North Carolina!!Margin of Error","Census Tract 301; Randolph County; North Carolina!!Percent","Census Tract 301; Randolph County; North Carolina!!Percent Margin of Error","Census Tract 302.01; Randolph County; North Carolina!!Estimate","Census Tract 302.01; Randolph County; North Carolina!!Margin of Error","Census Tract 302.01; Randolph County; North Carolina!!Percent","Census Tract 302.01; Randolph County; North Carolina!!Percent Margin of Error","Census Tract 302.02; Randolph County; North Carolina!!Estimate","Census Tract 302.02; Randolph County; North Carolina!!Margin of Error","Census Tract 302.02; Randolph County; North Carolina!!Percent","Census Tract 302.02; Randolph County; North Carolina!!Percent Margin of Error","Census Tract 303.01; Randolph County; North Carolina!!Estimate","Census Tract 303.01; Randolph County; North Carolina!!Margin of Error","Census Tract 303.01; Randolph County; North Carolina!!Percent","Census Tract 303.01; Randolph County; North Carolina!!Percent Margin of Error","Census Tract 303.02; Randolph County; North Carolina!!Estimate","Census Tract 303.02; Randolph County; North Carolina!!Margin of Error","Census Tract 303.02; Randolph County; North Carolina!!Percent","Census Tract 303.02; Randolph County; North Carolina!!Percent Margin of Error","Census Tract 304; Randolph County; North Carolina!!Estimate","Census Tract 304; Randolph County; North Carolina!!Margin of Error","Census Tract 304; Randolph County; North Carolina!!Percent","Census Tract 304; Randolph County; North Carolina!!Percent Margin of Error","Census Tract 305.02; Randolph County; North Carolina!!Estimate","Census Tract 305.02; Randolph County; North Carolina!!Margin of Error","Census Tract 305.02; Randolph County; North Carolina!!Percent","Census Tract 305.02; Randolph County; North Carolina!!Percent Margin of Error","Census Tract 305.03; Randolph County; North Carolina!!Estimate","Census Tract 305.03; Randolph County; North Carolina!!Margin of Error","Census Tract 305.03; Randolph County; North Carolina!!Percent","Census Tract 305.03; Randolph County; North Carolina!!Percent Margin of Error","Census Tract 305.04; Randolph County; North Carolina!!Estimate","Census Tract 305.04; Randolph County; North Carolina!!Margin of Error","Census Tract 305.04; Randolph County; North Carolina!!Percent","Census Tract 305.04; Randolph County; North Carolina!!Percent Margin of Error","Census Tract 306; Randolph County; North Carolina!!Estimate","Census Tract 306; Randolph County; North Carolina!!Margin of Error","Census Tract 306; Randolph County; North Carolina!!Percent","Census Tract 306; Randolph County; North Carolina!!Percent Margin of Error","Census Tract 307; Randolph County; North Carolina!!Estimate","Census Tract 307; Randolph County; North Carolina!!Margin of Error","Census Tract 307; Randolph County; North Carolina!!Percent","Census Tract 307; Randolph County; North Carolina!!Percent Margin of Error","Census Tract 308.03; Randolph County; North Carolina!!Estimate","Census Tract 308.03; Randolph County; North Carolina!!Margin of Error","Census Tract 308.03; Randolph County; North Carolina!!Percent","Census Tract 308.03; Randolph County; North Carolina!!Percent Margin of Error","Census Tract 308.04; Randolph County; North Carolina!!Estimate","Census Tract 308.04; Randolph County; North Carolina!!Margin of Error","Census Tract 308.04; Randolph County; North Carolina!!Percent","Census Tract 308.04; Randolph County; North Carolina!!Percent Margin of Error","Census Tract 308.05; Randolph County; North Carolina!!Estimate","Census Tract 308.05; Randolph County; North Carolina!!Margin of Error","Census Tract 308.05; Randolph County; North Carolina!!Percent","Census Tract 308.05; Randolph County; North Carolina!!Percent Margin of Error","Census Tract 308.06; Randolph County; North Carolina!!Estimate","Census Tract 308.06; Randolph County; North Carolina!!Margin of Error","Census Tract 308.06; Randolph County; North Carolina!!Percent","Census Tract 308.06; Randolph County; North Carolina!!Percent Margin of Error","Census Tract 309; Randolph County; North Carolina!!Estimate","Census Tract 309; Randolph County; North Carolina!!Margin of Error","Census Tract 309; Randolph County; North Carolina!!Percent","Census Tract 309; Randolph County; North Carolina!!Percent Margin of Error","Census Tract 310.01; Randolph County; North Carolina!!Estimate","Census Tract 310.01; Randolph County; North Carolina!!Margin of Error","Census Tract 310.01; Randolph County; North Carolina!!Percent","Census Tract 310.01; Randolph County; North Carolina!!Percent Margin of Error","Census Tract 310.02; Randolph County; North Carolina!!Estimate","Census Tract 310.02; Randolph County; North Carolina!!Margin of Error","Census Tract 310.02; Randolph County; North Carolina!!Percent","Census Tract 310.02; Randolph County; North Carolina!!Percent Margin of Error","Census Tract 311.01; Randolph County; North Carolina!!Estimate","Census Tract 311.01; Randolph County; North Carolina!!Margin of Error","Census Tract 311.01; Randolph County; North Carolina!!Percent","Census Tract 311.01; Randolph County; North Carolina!!Percent Margin of Error","Census Tract 311.02; Randolph County; North Carolina!!Estimate","Census Tract 311.02; Randolph County; North Carolina!!Margin of Error","Census Tract 311.02; Randolph County; North Carolina!!Percent","Census Tract 311.02; Randolph County; North Carolina!!Percent Margin of Error","Census Tract 312; Randolph County; North Carolina!!Estimate","Census Tract 312; Randolph County; North Carolina!!Margin of Error","Census Tract 312; Randolph County; North Carolina!!Percent","Census Tract 312; Randolph County; North Carolina!!Percent Margin of Error","Census Tract 313.03; Randolph County; North Carolina!!Estimate","Census Tract 313.03; Randolph County; North Carolina!!Margin of Error","Census Tract 313.03; Randolph County; North Carolina!!Percent","Census Tract 313.03; Randolph County; North Carolina!!Percent Margin of Error","Census Tract 313.04; Randolph County; North Carolina!!Estimate","Census Tract 313.04; Randolph County; North Carolina!!Margin of Error","Census Tract 313.04; Randolph County; North Carolina!!Percent","Census Tract 313.04; Randolph County; North Carolina!!Percent Margin of Error","Census Tract 313.05; Randolph County; North Carolina!!Estimate","Census Tract 313.05; Randolph County; North Carolina!!Margin of Error","Census Tract 313.05; Randolph County; North Carolina!!Percent","Census Tract 313.05; Randolph County; North Carolina!!Percent Margin of Error","Census Tract 313.07; Randolph County; North Carolina!!Estimate","Census Tract 313.07; Randolph County; North Carolina!!Margin of Error","Census Tract 313.07; Randolph County; North Carolina!!Percent","Census Tract 313.07; Randolph County; North Carolina!!Percent Margin of Error","Census Tract 313.08; Randolph County; North Carolina!!Estimate","Census Tract 313.08; Randolph County; North Carolina!!Margin of Error","Census Tract 313.08; Randolph County; North Carolina!!Percent","Census Tract 313.08; Randolph County; North Carolina!!Percent Margin of Error","Census Tract 314.01; Randolph County; North Carolina!!Estimate","Census Tract 314.01; Randolph County; North Carolina!!Margin of Error","Census Tract 314.01; Randolph County; North Carolina!!Percent","Census Tract 314.01; Randolph County; North Carolina!!Percent Margin of Error","Census Tract 314.02; Randolph County; North Carolina!!Estimate","Census Tract 314.02; Randolph County; North Carolina!!Margin of Error","Census Tract 314.02; Randolph County; North Carolina!!Percent","Census Tract 314.02; Randolph County; North Carolina!!Percent Margin of Error","Census Tract 315.01; Randolph County; North Carolina!!Estimate","Census Tract 315.01; Randolph County; North Carolina!!Margin of Error","Census Tract 315.01; Randolph County; North Carolina!!Percent","Census Tract 315.01; Randolph County; North Carolina!!Percent Margin of Error","Census Tract 315.03; Randolph County; North Carolina!!Estimate","Census Tract 315.03; Randolph County; North Carolina!!Margin of Error","Census Tract 315.03; Randolph County; North Carolina!!Percent","Census Tract 315.03; Randolph County; North Carolina!!Percent Margin of Error","Census Tract 315.04; Randolph County; North Carolina!!Estimate","Census Tract 315.04; Randolph County; North Carolina!!Margin of Error","Census Tract 315.04; Randolph County; North Carolina!!Percent","Census Tract 315.04; Randolph County; North Carolina!!Percent Margin of Error","Census Tract 315.05; Randolph County; North Carolina!!Estimate","Census Tract 315.05; Randolph County; North Carolina!!Margin of Error","Census Tract 315.05; Randolph County; North Carolina!!Percent","Census Tract 315.05; Randolph County; North Carolina!!Percent Margin of Error","Census Tract 316.01; Randolph County; North Carolina!!Estimate","Census Tract 316.01; Randolph County; North Carolina!!Margin of Error","Census Tract 316.01; Randolph County; North Carolina!!Percent","Census Tract 316.01; Randolph County; North Carolina!!Percent Margin of Error","Census Tract 316.02; Randolph County; North Carolina!!Estimate","Census Tract 316.02; Randolph County; North Carolina!!Margin of Error","Census Tract 316.02; Randolph County; North Carolina!!Percent","Census Tract 316.02; Randolph County; North Carolina!!Percent Margin of Error"
"SEX AND AGE","","","","","","","","","","","","","","","","","","","","","","","","","","","","","","","","","","","","","","","","","","","","","","","","","","","","","","","","","","","","","","","","","","","","","","","","","","","","","","","","","","","","","","","","","","","","","","","","","","","","","","","","","","","","","","","","","","","","","","","","","","","","","","","","","","","","","","","",""
"    Total population","4,368","±452","4,368","(X)","3,195","±556","3,195","(X)","4,775","±530","4,775","(X)","5,989","±629","5,989","(X)","3,569","±483","3,569","(X)","5,582","±890","5,582","(X)","5,197","±906","5,197","(X)","5,143","±787","5,143","(X)","5,605","±667","5,605","(X)","6,366","±686","6,366","(X)","6,312","±906","6,312","(X)","3,471","±515","3,471","(X)","2,521","±378","2,521","(X)","4,206","±524","4,206","(X)","3,008","±893","3,008","(X)","3,854","±684","3,854","(X)","3,329","±695","3,329","(X)","4,301","±472","4,301","(X)","3,261","±633","3,261","(X)","3,027","±635","3,027","(X)","5,602","±697","5,602","(X)","4,534","±688","4,534","(X)","4,218","±426","4,218","(X)","4,237","±756","4,237","(X)","3,991","±579","3,991","(X)","2,254","±382","2,254","(X)","5,455","±417","5,455","(X)","3,300","±390","3,300","(X)","5,769","±883","5,769","(X)","2,772","±357","2,772","(X)","6,006","±501","6,006","(X)","3,761","±534","3,761","(X)","4,221","±539","4,221","(X)","1,204","±201","1,204","(X)"
"        Male","2,613","±354","59.8%","±3.7","1,512","±273","47.3%","±5.8","2,194","±320","45.9%","±3.8","3,039","±492","50.7%","±4.9","1,755","±313","49.2%","±4.7","3,019","±499","54.1%","±3.6","2,659","±524","51.2%","±3.8","2,419","±622","47.0%","±7.2","2,831","±373","50.5%","±3.4","3,178","±498","49.9%","±4.8","3,432","±554","54.4%","±4.5","1,931","±360","55.6%","±4.2","1,094","±178","43.4%","±7.3","1,812","±413","43.1%","±6.8","1,455","±423","48.4%","±5.5","2,224","±469","57.7%","±4.8","1,546","±363","46.4%","±6.0","2,161","±347","50.2%","±4.4","1,628","±457","49.9%","±6.3","1,560","±408","51.5%","±4.0","2,899","±429","51.7%","±3.5","2,117","±323","46.7%","±4.0","2,064","±306","48.9%","±5.1","1,930","±406","45.6%","±4.3","1,704","±270","42.7%","±3.8","1,154","±288","51.2%","±7.3","2,759","±268","50.6%","±3.1","1,670","±239","50.6%","±5.3","2,832","±437","49.1%","±3.3","1,122","±192","40.5%","±4.4","3,040","±278","50.6%","±4.7","1,982","±307","52.7%","±3.5","1,920","±290","45.5%","±3.6","537","±113","44.6%","±5.5"
"        Female","1,755","±200","40.2%","±3.7","1,683","±392","52.7%","±5.8","2,581","±320","54.1%","±3.8","2,950","±360","49.3%","±4.9","1,814","±275","50.8%","±4.7","2,563","±475","45.9%","±3.6","2,538","±465","48.8%","±3.8","2,724","±428","53.0%","±7.2","2,774","±394","49.5%","±3.4","3,188","±416","50.1%","±4.8","2,880","±518","45.6%","±4.5","1,540","±233","44.4%","±4.2","1,427","±340","56.6%","±7.3","2,394","±338","56.9%","±6.8","1,553","±523","51.6%","±5.5","1,630","±309","42.3%","±4.8","1,783","±437","53.6%","±6.0","2,140","±248","49.8%","±4.4","1,633","±270","50.1%","±6.3","1,467","±258","48.5%","±4.0","2,703","±368","48.3%","±3.5","2,417","±450","53.3%","±4.0","2,154","±303","51.1%","±5.1","2,307","±430","54.4%","±4.3","2,287","±382","57.3%","±3.8","1,100","±211","48.8%","±7.3","2,696","±269","49.4%","±3.1","1,630","±284","49.4%","±5.3","2,937","±521","50.9%","±3.3","1,650","±243","59.5%","±4.4","2,966","±454","49.4%","±4.7","1,779","±289","47.3%","±3.5","2,301","±330","54.5%","±3.6","667","±129","55.4%","±5.5"
"        Sex ratio (males per 100 females)","148.9","±22.7","(X)","(X)","89.8","±20.9","(X)","(X)","85.0","±13.0","(X)","(X)","103.0","±20.1","(X)","(X)","96.7","±18.6","(X)","(X)","117.8","±17.2","(X)","(X)","104.8","±16.0","(X)","(X)","88.8","±25.8","(X)","(X)","102.1","±13.7","(X)","(X)","99.7","±18.8","(X)","(X)","119.2","±22.1","(X)","(X)","125.4","±21.9","(X)","(X)","76.7","±22.9","(X)","(X)","75.7","±21.0","(X)","(X)","93.7","±21.0","(X)","(X)","136.4","±26.2","(X)","(X)","86.7","±21.0","(X)","(X)","101.0","±17.6","(X)","(X)","99.7","±25.1","(X)","(X)","106.3","±16.9","(X)","(X)","107.3","±14.8","(X)","(X)","87.6","±14.1","(X)","(X)","95.8","±19.8","(X)","(X)","83.7","±14.5","(X)","(X)","74.5","±11.8","(X)","(X)","104.9","±31.0","(X)","(X)","102.3","±12.5","(X)","(X)","102.5","±22.1","(X)","(X)","96.4","±13.0","(X)","(X)","68.0","±12.6","(X)","(X)","102.5","±19.3","(X)","(X)","111.4","±15.9","(X)","(X)","83.4","±12.0","(X)","(X)","80.5","±18.0","(X)","(X)"
"        Under 5 years","259","±140","5.9%","±3.0","104","±77","3.3%","±2.5","281","±134","5.9%","±2.7","247","±145","4.1%","±2.3","468","±173","13.1%","±4.6","412","±179","7.4%","±3.3","298","±203","5.7%","±3.6","159","±156","3.1%","±3.2","290","±165","5.2%","±2.9","325","±134","5.1%","±2.0","223","±124","3.5%","±2.0","158","±87","4.6%","±2.3","154","±159","6.1%","±6.1","159","±112","3.8%","±2.7","249","±187","8.3%","±4.9","194","±114","5.0%","±2.7","291","±239","8.7%","±6.0","232","±129","5.4%","±2.9","86","±85","2.6%","±2.5","224","±92","7.4%","±2.9","219","±104","3.9%","±1.9","198","±87","4.4%","±1.7","115","±73","2.7%","±1.6","232","±168","5.5%","±3.8","230","±101","5.8%","±2.6","83","±56","3.7%","±2.5","648","±273","11.9%","±4.9","151","±72","4.6%","±2.2","558","±296","9.7%","±4.3","86","±77","3.1%","±2.7","263","±144","4.4%","±2.3","255","±118","6.8%","±2.9","147","±83","3.5%","±1.9","20","±24","1.7%","±2.0"
"        5 to 9 years","255","±152","5.8%","±3.2","118","±97","3.7%","±2.8","298","±103","6.2%","±2.1","529","±191","8.8%","±2.7","289","±118","8.1%","±3.2","438","±239","7.8%","±3.6","181","±80","3.5%","±1.6","463","±132","9.0%","±2.4","223","±100","4.0%","±1.9","400","±167","6.3%","±2.5","451","±132","7.1%","±2.2","177","±142","5.1%","±3.6","135","±78","5.4%","±3.0","273","±103","6.5%","±2.4","260","±251","8.6%","±6.7","177","±85","4.6%","±2.2","153","±107","4.6%","±2.7","313","±115","7.3%","±2.5","204","±133","6.3%","±3.8","445","±279","14.7%","±6.9","444","±178","7.9%","±2.8","301","±124","6.6%","±2.4","221","±89","5.2%","±1.9","99","±82","2.3%","±1.8","88","±64","2.2%","±1.7","189","±61","8.4%","±2.9","191","±104","3.5%","±1.9","148","±119","4.5%","±3.7","397","±189","6.9%","±3.1","174","±84","6.3%","±2.8","368","±144","6.1%","±2.3","142","±109","3.8%","±2.7","471","±326","11.2%","±6.9","54","±29","4.5%","±2.1"
"        10 to 14 years","186","±122","4.3%","±2.6","271","±139","8.5%","±4.1","289","±100","6.1%","±2.1","515","±195","8.6%","±3.0","294","±161","8.2%","±4.1","543","±244","9.7%","±3.9","373","±203","7.2%","±3.6","357","±166","6.9%","±2.8","185","±76","3.3%","±1.4","286","±105","4.5%","±1.7","415","±174","6.6%","±2.6","175","±136","5.0%","±3.4","136","±87","5.4%","±3.5","278","±159","6.6%","±3.6","176","±151","5.9%","±3.9","167","±105","4.3%","±2.5","195","±145","5.9%","±3.6","214","±104","5.0%","±2.4","325","±194","10.0%","±6.0","278","±147","9.2%","±3.8","214","±101","3.8%","±1.9","164","±106","3.6%","±2.1","336","±142","8.0%","±3.4","274","±183","6.5%","±3.8","200","±139","5.0%","±3.2","81","±59","3.6%","±2.7","422","±192","7.7%","±3.4","249","±165","7.5%","±4.6","255","±150","4.4%","±2.6","122","±60","4.4%","±2.1","363","±219","6.0%","±3.6","219","±77","5.8%","±1.9","324","±139","7.7%","±3.4","98","±62","8.1%","±4.2"
"        15 to 19 years","155","±85","3.5%","±1.9","121","±80","3.8%","±2.3","297","±146","6.2%","±2.9","481","±195","8.0%","±2.9","242","±126","6.8%","±3.3","598","±241","10.7%","±3.5","482","±219","9.3%","±3.6","238","±153","4.6%","±2.6","392","±154","7.0%","±2.9","182","±124","2.9%","±2.0","243","±116","3.8%","±1.9","320","±156","9.2%","±4.2","113","±81","4.5%","±3.3","275","±140","6.5%","±3.1","112","±107","3.7%","±3.4","233","±112","6.0%","±3.1","202","±95","6.1%","±3.3","400","±150","9.3%","±3.3","271","±165","8.3%","±4.8","226","±68","7.5%","±2.5","330","±147","5.9%","±2.7","497","±207","11.0%","±4.0","225","±150","5.3%","±3.5","378","±218","8.9%","±4.4","309","±206","7.7%","±5.0","153","±123","6.8%","±5.0","422","±179","7.7%","±3.2","224","±127","6.8%","±3.5","371","±183","6.4%","±2.9","102","±62","3.7%","±2.2","325","±156","5.4%","±2.7","233","±111","6.2%","±2.7","208","±143","4.9%","±3.3","78","±53","6.5%","±4.2"
"        20 to 24 years","264","±106","6.0%","±2.6","116","±79","3.6%","±2.3","188","±103","3.9%","±2.1","558","±176","9.3%","±2.8","127","±99","3.6%","±2.7","355","±142","6.4%","±2.4","344","±193","6.6%","±3.1","319","±196","6.2%","±3.4","369","±169","6.6%","±3.0","351","±192","5.5%","±2.8","352","±200","5.6%","±3.1","114","±118","3.3%","±3.4","106","±82","4.2%","±3.1","524","±278","12.5%","±5.7","228","±204","7.6%","±6.6","179","±103","4.6%","±2.6","148","±105","4.4%","±3.4","243","±87","5.6%","±2.0","153","±129","4.7%","±3.6","226","±105","7.5%","±3.3","412","±162","7.4%","±3.0","300","±125","6.6%","±2.5","240","±188","5.7%","±4.3","198","±150","4.7%","±3.5","326","±153","8.2%","±3.6","123","±85","5.5%","±3.7","296","±235","5.4%","±4.3","175","±135","5.3%","±3.7","363","±176","6.3%","±2.9","267","±171","9.6%","±5.7","214","±146","3.6%","±2.5","222","±112","5.9%","±3.0","102","±58","2.4%","±1.4","89","±52","7.4%","±4.2"
"        25 to 34 years","637","±203","14.6%","±4.4","430","±133","13.5%","±3.8","475","±167","9.9%","±3.5","839","±246","14.0%","±3.6","432","±174","12.1%","±4.0","831","±281","14.9%","±4.7","301","±147","5.8%","±2.9","545","±197","10.6%","±4.1","421","±183","7.5%","±3.5","864","±296","13.6%","±4.4","258","±186","4.1%","±2.9","378","±168","10.9%","±4.7","165","±125","6.5%","±4.8","715","±230","17.0%","±5.1","379","±234","12.6%","±6.0","334","±130","8.7%","±3.2","658","±284","19.8%","±5.6","470","±168","10.9%","±3.6","381","±259","11.7%","±6.9","461","±181","15.2%","±4.2","743","±293","13.3%","±4.2","514","±184","11.3%","±3.6","510","±191","12.1%","±4.4","324","±210","7.6%","±4.8","462","±203","11.6%","±4.8","246","±130","10.9%","±5.6","630","±215","11.5%","±3.7","727","±249","22.0%","±8.0","804","±327","13.9%","±4.4","449","±147","16.2%","±4.8","556","±180","9.3%","±3.1","417","±167","11.1%","±4.0","689","±251","16.3%","±5.2","65","±40","5.4%","±3.4"
"        35 to 44 years","622","±167","14.2%","±3.5","551","±244","17.2%","±6.4","417","±166","8.7%","±3.6","779","±166","13.0%","±2.7","458","±177","12.8%","±5.1","917","±250","16.4%","±4.1","623","±217","12.0%","±3.6","558","±349","10.8%","±5.9","1,084","±671","19.3%","±10.5","747","±326","11.7%","±4.6","656","±205","10.4%","±3.6","464","±216","13.4%","±5.0","320","±154","12.7%","±6.3","435","±155","10.3%","±3.7","370","±223","12.3%","±6.3","572","±258","14.8%","±5.6","330","±143","9.9%","±4.5","625","±245","14.5%","±5.2","336","±181","10.3%","±5.7","282","±88","9.3%","±3.0","499","±110","8.9%","±2.1","510","±196","11.2%","±3.7","314","±148","7.4%","±3.3","472","±200","11.1%","±4.3","310","±165","7.8%","±4.2","335","±200","14.9%","±7.4","430","±150","7.9%","±2.8","473","±242","14.3%","±6.3","476","±181","8.3%","±3.1","193","±94","7.0%","±3.5","695","±215","11.6%","±3.6","338","±120","9.0%","±3.1","446","±164","10.6%","±4.0","178","±52","14.8%","±3.6"
"        45 to 54 years","466","±212","10.7%","±4.6","385","±131","12.1%","±4.3","848","±263","17.8%","±4.6","676","±210","11.3%","±3.5","426","±227","11.9%","±6.0","501","±242","9.0%","±4.0","763","±286","14.7%","±4.1","697","±310","13.6%","±5.0","781","±163","13.9%","±3.1","702","±261","11.0%","±3.7","1,232","±411","19.5%","±6.0","506","±167","14.6%","±5.3","410","±159","16.3%","±6.5","602","±186","14.3%","±4.5","476","±189","15.8%","±7.0","401","±149","10.4%","±3.7","324","±130","9.7%","±4.4","445","±210","10.3%","±4.5","469","±182","14.4%","±4.7","400","±127","13.2%","±4.7","745","±176","13.3%","±3.3","644","±160","14.2%","±3.5","472","±198","11.2%","±4.9","813","±359","19.2%","±7.1","785","±270","19.7%","±5.6","476","±232","21.1%","±8.8","1,020","±361","18.7%","±6.3","231","±134","7.0%","±4.1","743","±332","12.9%","±5.3","436","±113","15.7%","±3.8","861","±259","14.3%","±4.6","435","±133","11.6%","±3.7","501","±176","11.9%","±4.0","254","±126","21.1%","±8.6"
"        55 to 59 years","322","±140","7.4%","±3.3","177","±72","5.5%","±2.1","325","±125","6.8%","±2.4","400","±147","6.7%","±2.5","90","±72","2.5%","±2.0","139","±87","2.5%","±1.7","344","±91","6.6%","±1.9","264","±124","5.1%","±2.2","465","±149","8.3%","±2.7","634","±246","10.0%","±3.8","438","±200","6.9%","±3.0","383","±151","11.0%","±4.2","124","±70","4.9%","±3.1","170","±92","4.0%","±2.2","240","±113","8.0%","±4.2","503","±308","13.1%","±7.1","222","±155","6.7%","±4.9","344","±94","8.0%","±2.4","465","±218","14.3%","±5.8","159","±77","5.3%","±2.5","284","±126","5.1%","±2.2","217","±94","4.8%","±2.0","346","±265","8.2%","±6.0","440","±213","10.4%","±5.2","405","±186","10.1%","±4.1","149","±141","6.6%","±6.2","328","±163","6.0%","±3.0","148","±102","4.5%","±3.1","413","±137","7.2%","±2.4","288","±101","10.4%","±3.6","594","±297","9.9%","±4.6","245","±73","6.5%","±2.1","223","±79","5.3%","±2.0","62","±23","5.1%","±2.2"
"        60 to 64 years","464","±158","10.6%","±3.3","137","±78","4.3%","±2.6","335","±175","7.0%","±3.4","204","±124","3.4%","±2.1","93","±61","2.6%","±1.7","191","±74","3.4%","±1.4","449","±229","8.6%","±3.8","428","±133","8.3%","±3.2","563","±211","10.0%","±3.7","457","±153","7.2%","±2.6","663","±419","10.5%","±5.8","242","±109","7.0%","±3.2","258","±115","10.2%","±4.6","147","±106","3.5%","±2.6","131","±83","4.4%","±3.5","439","±199","11.4%","±4.7","337","±176","10.1%","±5.2","179","±82","4.2%","±1.9","138","±94","4.2%","±3.0","104","±54","3.4%","±1.9","584","±258","10.4%","±4.0","385","±188","8.5%","±3.8","346","±165","8.2%","±3.7","411","±192","9.7%","±4.7","340","±175","8.5%","±4.9","152","±93","6.7%","±4.2","361","±143","6.6%","±2.6","262","±159","7.9%","±4.9","245","±96","4.2%","±1.8","206","±135","7.4%","±4.8","221","±106","3.7%","±1.8","340","±138","9.0%","±3.7","256","±102","6.1%","±2.4","113","±52","9.4%","±4.6"
"        65 to 74 years","524","±129","12.0%","±3.1","382","±173","12.0%","±5.0","522","±133","10.9%","±2.7","435","±141","7.3%","±2.5","274","±114","7.7%","±3.3","302","±125","5.4%","±2.3","601","±125","11.6%","±3.2","665","±182","12.9%","±3.8","518","±152","9.2%","±2.9","677","±186","10.6%","±3.2","916","±455","14.5%","±6.3","386","±137","11.1%","±4.2","330","±268","13.1%","±9.7","373","±181","8.9%","±4.4","213","±80","7.1%","±3.6","447","±118","11.6%","±3.4","138","±84","4.1%","±2.9","550","±140","12.8%","±3.3","234","±130","7.2%","±3.9","135","±50","4.5%","±1.8","821","±247","14.7%","±3.7","430","±101","9.5%","±2.5","585","±215","13.9%","±5.3","333","±113","7.9%","±3.2","260","±110","6.5%","±2.9","202","±134","9.0%","±6.2","458","±162","8.4%","±3.0","332","±166","10.1%","±5.1","854","±285","14.8%","±5.6","251","±77","9.1%","±3.1","906","±318","15.1%","±5.5","587","±314","15.6%","±7.4","528","±142","12.5%","±3.7","135","±43","11.2%","±3.6"
"        75 to 84 years","187","±91","4.3%","±2.1","340","±142","10.6%","±4.2","334","±112","7.0%","±2.3","237","±105","4.0%","±1.7","252","±116","7.1%","±3.3","229","±103","4.1%","±2.0","297","±114","5.7%","±2.4","382","±163","7.4%","±3.3","220","±112","3.9%","±2.1","569","±225","8.9%","±3.4","385","±139","6.1%","±2.4","104","±75","3.0%","±2.2","112","±68","4.4%","±2.9","196","±98","4.7%","±2.4","68","±55","2.3%","±2.1","159","±68","4.1%","±1.9","231","±147","6.9%","±4.2","256","±88","6.0%","±2.1","140","±78","4.3%","±2.5","87","±43","2.9%","±1.5","156","±90","2.8%","±1.6","347","±126","7.7%","±2.9","223","±110","5.3%","±2.7","204","±93","4.8%","±2.5","264","±229","6.6%","±5.6","54","±43","2.4%","±2.0","214","±110","3.9%","±2.1","100","±75","3.0%","±2.3","264","±126","4.6%","±2.1","147","±75","5.3%","±2.6","538","±365","9.0%","±5.7","209","±152","5.6%","±4.0","206","±86","4.9%","±1.9","53","±39","4.4%","±3.3"
"        85 years and over","27","±29","0.6%","±0.7","63","±42","2.0%","±1.3","166","±88","3.5%","±1.9","89","±81","1.5%","±1.3","124","±56","3.5%","±1.6","126","±67","2.3%","±1.1","141","±87","2.7%","±1.7","68","±71","1.3%","±1.4","94","±76","1.7%","±1.3","172","±89","2.7%","±1.3","80","±79","1.3%","±1.2","64","±50","1.8%","±1.5","158","±165","6.3%","±6.4","59","±52","1.4%","±1.3","106","±53","3.5%","±1.9","49","±36","1.3%","±1.0","100","±55","3.0%","±1.9","30","±26","0.7%","±0.6","59","±63","1.8%","±2.0","0","±14","0.0%","±1.4","151","±76","2.7%","±1.4","27","±25","0.6%","±0.6","285","±210","6.8%","±5.1","59","±44","1.4%","±1.0","12","±19","0.3%","±0.5","11","±18","0.5%","±0.8","35","±41","0.6%","±0.8","80","±84","2.4%","±2.6","26","±27","0.5%","±0.5","51","±46","1.8%","±1.6","102","±96","1.7%","±1.6","119","±59","3.2%","±1.7","120","±89","2.8%","±2.1","5","±13","0.4%","±1.1"
"        Median age (years)","43.3","±3.0","(X)","(X)","42.1","±6.4","(X)","(X)","46.8","±6.7","(X)","(X)","34.0","±4.3","(X)","(X)","33.7","±4.4","(X)","(X)","31.3","±5.0","(X)","(X)","44.9","±4.6","(X)","(X)","43.6","±4.1","(X)","(X)","41.1","±8.6","(X)","(X)","45.2","±3.8","(X)","(X)","51.1","±6.5","(X)","(X)","42.0","±8.4","(X)","(X)","51.3","±6.7","(X)","(X)","33.9","±2.7","(X)","(X)","37.5","±12.2","(X)","(X)","45.8","±5.3","(X)","(X)","35.3","±8.1","(X)","(X)","40.1","±3.3","(X)","(X)","38.9","±10.9","(X)","(X)","27.8","±4.0","(X)","(X)","42.7","±6.7","(X)","(X)","39.7","±5.5","(X)","(X)","48.7","±4.4","(X)","(X)","47.4","±4.5","(X)","(X)","45.5","±4.6","(X)","(X)","43.4","±2.7","(X)","(X)","37.8","±7.3","(X)","(X)","34.6","±7.6","(X)","(X)","37.4","±9.1","(X)","(X)","44.2","±9.2","(X)","(X)","48.4","±9.7","(X)","(X)","47.0","±9.4","(X)","(X)","39.5","±4.9","(X)","(X)","47.2","±6.2","(X)","(X)"
"        Under 18 years","812","±264","18.6%","±5.0","605","±189","18.9%","±4.2","994","±234","20.8%","±4.6","1,585","±339","26.5%","±3.7","1,235","±294","34.6%","±6.2","1,755","±490","31.4%","±5.0","1,254","±356","24.1%","±4.6","1,149","±254","22.3%","±3.9","990","±181","17.7%","±3.6","1,096","±242","17.2%","±3.5","1,267","±240","20.1%","±3.9","755","±311","21.8%","±6.4","509","±148","20.2%","±5.2","874","±235","20.8%","±4.8","797","±544","26.5%","±12.3","644","±179","16.7%","±3.4","739","±450","22.2%","±10.6","999","±223","23.2%","±4.4","813","±277","24.9%","±7.5","1,054","±421","34.8%","±8.4","1,096","±232","19.6%","±3.7","1,053","±341","23.2%","±5.2","717","±154","17.0%","±3.2","817","±339","19.3%","±5.6","660","±226","16.5%","±4.9","477","±79","21.2%","±3.5","1,552","±291","28.5%","±4.2","641","±204","19.4%","±5.6","1,433","±459","24.8%","±5.7","469","±138","16.9%","±4.1","1,198","±347","19.9%","±5.5","756","±244","20.1%","±5.0","1,045","±290","24.8%","±5.0","215","±87","17.9%","±5.0"
"        16 years and over","3,580","±344","82.0%","±4.9","2,638","±443","82.6%","±4.2","3,885","±492","81.4%","±4.4","4,637","±417","77.4%","±4.2","2,501","±373","70.1%","±6.0","4,132","±606","74.0%","±4.0","4,286","±783","82.5%","±5.6","4,100","±687","79.7%","±3.9","4,831","±671","86.2%","±3.4","5,298","±629","83.2%","±3.5","5,165","±862","81.8%","±4.1","2,947","±328","84.9%","±6.0","2,074","±328","82.3%","±5.9","3,396","±451","80.7%","±4.6","2,254","±484","74.9%","±11.5","3,308","±580","85.8%","±3.9","2,678","±452","80.4%","±10.9","3,513","±417","81.7%","±4.4","2,560","±610","78.5%","±7.7","2,030","±335","67.1%","±8.9","4,629","±632","82.6%","±3.6","3,762","±502","83.0%","±4.0","3,525","±375","83.6%","±3.2","3,589","±578","84.7%","±4.8","3,387","±512","84.9%","±4.1","1,833","±354","81.3%","±3.5","4,088","±308","74.9%","±4.7","2,739","±350","83.0%","±5.2","4,490","±662","77.8%","±5.2","2,340","±305","84.4%","±4.4","4,917","±501","81.9%","±5.4","3,120","±433","83.0%","±4.7","3,233","±378","76.6%","±5.3","998","±140","82.9%","±4.5"
"        18 years and over","3,556","±342","81.4%","±5.0","2,590","±436","81.1%","±4.2","3,781","±491","79.2%","±4.6","4,404","±394","73.5%","±3.7","2,334","±358","65.4%","±6.2","3,827","±512","68.6%","±5.0","3,943","±681","75.9%","±4.6","3,994","±662","77.7%","±3.9","4,615","±669","82.3%","±3.6","5,270","±621","82.8%","±3.5","5,045","±852","79.9%","±3.9","2,716","±307","78.2%","±6.4","2,012","±334","79.8%","±5.2","3,332","±447","79.2%","±4.8","2,211","±471","73.5%","±12.3","3,210","±575","83.3%","±3.4","2,590","±455","77.8%","±10.6","3,302","±399","76.8%","±4.4","2,448","±559","75.1%","±7.5","1,973","±336","65.2%","±8.4","4,506","±626","80.4%","±3.7","3,481","±463","76.8%","±5.2","3,501","±379","83.0%","±3.2","3,420","±506","80.7%","±5.6","3,331","±506","83.5%","±4.9","1,777","±351","78.8%","±3.5","3,903","±305","71.5%","±4.2","2,659","±353","80.6%","±5.6","4,336","±617","75.2%","±5.7","2,303","±294","83.1%","±4.1","4,808","±500","80.1%","±5.5","3,005","±409","79.9%","±5.0","3,176","±376","75.2%","±5.0","989","±139","82.1%","±5.0"
"        21 years and over","3,465","±326","79.3%","±4.9","2,581","±440","80.8%","±4.3","3,584","±446","75.1%","±4.3","3,963","±372","66.2%","±5.1","2,249","±333","63.0%","±6.0","3,397","±476","60.9%","±6.1","3,645","±535","70.1%","±4.8","3,879","±641","75.4%","±4.4","4,467","±678","79.7%","±4.1","5,088","±635","79.9%","±4.0","4,947","±872","78.4%","±4.0","2,583","±291","74.4%","±5.9","1,959","±320","77.7%","±6.1","2,961","±350","70.4%","±7.1","2,029","±409","67.5%","±11.5","3,007","±576","78.0%","±5.4","2,488","±457","74.7%","±10.1","3,113","±363","72.4%","±4.5","2,316","±534","71.0%","±7.4","1,817","±318","60.0%","±7.9","4,387","±641","78.3%","±4.3","3,275","±458","72.2%","±5.1","3,309","±352","78.4%","±4.1","3,222","±459","76.0%","±6.2","3,164","±477","79.3%","±5.7","1,692","±330","75.1%","±5.5","3,747","±306","68.7%","±4.1","2,470","±311","74.8%","±7.1","4,114","±579","71.3%","±5.3","2,192","±257","79.1%","±5.8","4,662","±493","77.6%","±4.8","2,905","±398","77.2%","±5.1","3,034","±374","71.9%","±5.9","911","±140","75.7%","±6.6"
"        62 years and over","989","±145","22.6%","±3.5","887","±271","27.8%","±7.4","1,310","±257","27.4%","±4.7","930","±186","15.5%","±3.3","722","±127","20.2%","±4.2","806","±127","14.4%","±2.7","1,342","±251","25.8%","±4.6","1,401","±246","27.2%","±6.0","1,091","±245","19.5%","±4.5","1,693","±283","26.6%","±4.3","1,696","±457","26.9%","±5.5","659","±122","19.0%","±4.2","732","±274","29.0%","±8.5","775","±214","18.4%","±5.3","453","±85","15.1%","±5.9","929","±204","24.1%","±6.3","668","±174","20.1%","±6.5","920","±174","21.4%","±4.1","550","±213","16.9%","±6.9","288","±95","9.5%","±3.5","1,554","±435","27.7%","±6.3","980","±140","21.6%","±3.7","1,351","±232","32.0%","±6.3","773","±208","18.2%","±6.1","701","±222","17.6%","±5.7","344","±149","15.3%","±7.2","933","±245","17.1%","±4.6","610","±233","18.5%","±7.2","1,332","±308","23.1%","±6.1","642","±150","23.2%","±5.1","1,730","±442","28.8%","±6.4","989","±341","26.3%","±7.6","1,017","±202","24.1%","±4.9","266","±63","22.1%","±5.4"
"        65 years and over","738","±114","16.9%","±3.0","785","±258","24.6%","±6.9","1,022","±157","21.4%","±3.2","761","±154","12.7%","±2.7","650","±132","18.2%","±4.2","657","±121","11.8%","±2.3","1,039","±138","20.0%","±4.2","1,115","±212","21.7%","±4.7","832","±140","14.8%","±2.8","1,418","±253","22.3%","±3.9","1,381","±408","21.9%","±4.9","554","±108","16.0%","±3.7","600","±269","23.8%","±8.7","628","±192","14.9%","±4.8","387","±56","12.9%","±4.5","655","±133","17.0%","±4.1","469","±146","14.1%","±4.9","836","±158","19.4%","±3.8","433","±162","13.3%","±5.2","222","±71","7.3%","±2.7","1,128","±236","20.1%","±3.4","804","±114","17.7%","±3.2","1,093","±221","25.9%","±6.1","596","±171","14.1%","±5.0","536","±240","13.4%","±5.9","267","±141","11.8%","±6.8","707","±178","13.0%","±3.4","512","±200","15.5%","±6.3","1,144","±307","19.8%","±5.9","449","±84","16.2%","±3.1","1,546","±465","25.7%","±6.9","915","±343","24.3%","±7.8","854","±194","20.2%","±4.7","193","±50","16.0%","±4.5"
"        18 years and over","3,556","±342","3,556","(X)","2,590","±436","2,590","(X)","3,781","±491","3,781","(X)","4,404","±394","4,404","(X)","2,334","±358","2,334","(X)","3,827","±512","3,827","(X)","3,943","±681","3,943","(X)","3,994","±662","3,994","(X)","4,615","±669","4,615","(X)","5,270","±621","5,270","(X)","5,045","±852","5,045","(X)","2,716","±307","2,716","(X)","2,012","±334","2,012","(X)","3,332","±447","3,332","(X)","2,211","±471","2,211","(X)","3,210","±575","3,210","(X)","2,590","±455","2,590","(X)","3,302","±399","3,302","(X)","2,448","±559","2,448","(X)","1,973","±336","1,973","(X)","4,506","±626","4,506","(X)","3,481","±463","3,481","(X)","3,501","±379","3,501","(X)","3,420","±506","3,420","(X)","3,331","±506","3,331","(X)","1,777","±351","1,777","(X)","3,903","±305","3,903","(X)","2,659","±353","2,659","(X)","4,336","±617","4,336","(X)","2,303","±294","2,303","(X)","4,808","±500","4,808","(X)","3,005","±409","3,005","(X)","3,176","±376","3,176","(X)","989","±139","989","(X)"
"            Male","2,025","±295","56.9%","±4.5","1,317","±244","50.8%","±5.8","1,804","±297","47.7%","±4.1","2,163","±317","49.1%","±4.7","1,164","±250","49.9%","±5.5","1,913","±331","50.0%","±5.3","1,905","±350","48.3%","±3.7","1,973","±453","49.4%","±5.6","2,188","±372","47.4%","±3.6","2,686","±408","51.0%","±3.8","2,788","±490","55.3%","±3.6","1,445","±210","53.2%","±4.1","839","±134","41.7%","±7.4","1,490","±340","44.7%","±7.1","1,113","±282","50.3%","±4.7","1,871","±407","58.3%","±5.1","1,261","±334","48.7%","±7.1","1,615","±338","48.9%","±6.5","1,291","±330","52.7%","±5.7","938","±220","47.5%","±4.6","2,316","±384","51.4%","±3.8","1,688","±235","48.5%","±3.5","1,682","±273","48.0%","±5.5","1,577","±338","46.1%","±5.6","1,403","±219","42.1%","±3.7","864","±227","48.6%","±6.4","1,810","±228","46.4%","±4.3","1,385","±203","52.1%","±4.8","2,126","±340","49.0%","±3.6","951","±160","41.3%","±5.1","2,395","±259","49.8%","±4.9","1,562","±248","52.0%","±4.4","1,389","±205","43.7%","±5.1","433","±75","43.8%","±5.2"
"            Female","1,531","±171","43.1%","±4.5","1,273","±283","49.2%","±5.8","1,977","±279","52.3%","±4.1","2,241","±254","50.9%","±4.7","1,170","±188","50.1%","±5.5","1,914","±317","50.0%","±5.3","2,038","±389","51.7%","±3.7","2,021","±335","50.6%","±5.6","2,427","±373","52.6%","±3.6","2,584","±326","49.0%","±3.8","2,257","±435","44.7%","±3.6","1,271","±170","46.8%","±4.1","1,173","±301","58.3%","±7.4","1,842","±295","55.3%","±7.1","1,098","±228","49.7%","±4.7","1,339","±255","41.7%","±5.1","1,329","±232","51.3%","±7.1","1,687","±240","51.1%","±6.5","1,157","±295","47.3%","±5.7","1,035","±155","52.5%","±4.6","2,190","±327","48.6%","±3.8","1,793","±285","51.5%","±3.5","1,819","±265","52.0%","±5.5","1,843","±289","53.9%","±5.6","1,928","±343","57.9%","±3.7","913","±189","51.4%","±6.4","2,093","±224","53.6%","±4.3","1,274","±230","47.9%","±4.8","2,210","±350","51.0%","±3.6","1,352","±218","58.7%","±5.1","2,413","±409","50.2%","±4.9","1,443","±237","48.0%","±4.4","1,787","±294","56.3%","±5.1","556","±99","56.2%","±5.2"
"            Sex ratio (males per 100 females)","132.3","±24.7","(X)","(X)","103.5","±24.3","(X)","(X)","91.2","±14.9","(X)","(X)","96.5","±18.4","(X)","(X)","99.5","±22.5","(X)","(X)","99.9","±21.1","(X)","(X)","93.5","±13.8","(X)","(X)","97.6","±21.9","(X)","(X)","90.2","±12.8","(X)","(X)","103.9","±15.5","(X)","(X)","123.5","±17.7","(X)","(X)","113.7","±18.9","(X)","(X)","71.5","±22.6","(X)","(X)","80.9","±23.3","(X)","(X)","101.4","±19.0","(X)","(X)","139.7","±28.6","(X)","(X)","94.9","±26.5","(X)","(X)","95.7","±25.7","(X)","(X)","111.6","±25.4","(X)","(X)","90.6","±16.9","(X)","(X)","105.8","±15.9","(X)","(X)","94.1","±13.0","(X)","(X)","92.5","±20.5","(X)","(X)","85.6","±19.2","(X)","(X)","72.8","±11.4","(X)","(X)","94.6","±24.6","(X)","(X)","86.5","±15.0","(X)","(X)","108.7","±21.1","(X)","(X)","96.2","±14.1","(X)","(X)","70.3","±15.0","(X)","(X)","99.3","±19.7","(X)","(X)","108.2","±19.1","(X)","(X)","77.7","±16.1","(X)","(X)","77.9","±16.5","(X)","(X)"
"        65 years and over","738","±114","738","(X)","785","±258","785","(X)","1,022","±157","1,022","(X)","761","±154","761","(X)","650","±132","650","(X)","657","±121","657","(X)","1,039","±138","1,039","(X)","1,115","±212","1,115","(X)","832","±140","832","(X)","1,418","±253","1,418","(X)","1,381","±408","1,381","(X)","554","±108","554","(X)","600","±269","600","(X)","628","±192","628","(X)","387","±56","387","(X)","655","±133","655","(X)","469","±146","469","(X)","836","±158","836","(X)","433","±162","433","(X)","222","±71","222","(X)","1,128","±236","1,128","(X)","804","±114","804","(X)","1,093","±221","1,093","(X)","596","±171","596","(X)","536","±240","536","(X)","267","±141","267","(X)","707","±178","707","(X)","512","±200","512","(X)","1,144","±307","1,144","(X)","449","±84","449","(X)","1,546","±465","1,546","(X)","915","±343","915","(X)","854","±194","854","(X)","193","±50","193","(X)"
"            Male","362","±123","49.1%","±12.6","370","±128","47.1%","±10.0","538","±141","52.6%","±8.5","413","±112","54.3%","±10.8","250","±96","38.5%","±10.9","213","±82","32.4%","±9.9","505","±90","48.6%","±6.3","450","±86","40.4%","±7.9","340","±86","40.9%","±9.9","661","±165","46.6%","±7.0","804","±369","58.2%","±12.2","326","±89","58.8%","±12.2","112","±59","18.7%","±13.8","311","±104","49.5%","±7.9","154","±46","39.8%","±9.5","336","±80","51.3%","±7.7","237","±131","50.5%","±17.0","335","±93","40.1%","±7.2","247","±113","57.0%","±14.5","98","±37","44.1%","±10.1","390","±94","34.6%","±9.7","340","±74","42.3%","±10.1","483","±129","44.2%","±11.0","232","±93","38.9%","±9.4","210","±97","39.2%","±13.0","139","±83","52.1%","±13.2","336","±125","47.5%","±11.2","221","±113","43.2%","±13.3","525","±133","45.9%","±6.5","199","±67","44.3%","±12.8","810","±263","52.4%","±7.1","457","±203","49.9%","±7.3","356","±100","41.7%","±7.0","76","±22","39.4%","±11.8"
"            Female","376","±95","50.9%","±12.6","415","±171","52.9%","±10.0","484","±89","47.4%","±8.5","348","±112","45.7%","±10.8","400","±95","61.5%","±10.9","444","±92","67.6%","±9.9","534","±101","51.4%","±6.3","665","±187","59.6%","±7.9","492","±131","59.1%","±9.9","757","±156","53.4%","±7.0","577","±131","41.8%","±12.2","228","±86","41.2%","±12.2","488","±273","81.3%","±13.8","317","±113","50.5%","±7.9","233","±46","60.2%","±9.5","319","±86","48.7%","±7.7","232","±77","49.5%","±17.0","501","±105","59.9%","±7.2","186","±91","43.0%","±14.5","124","±47","55.9%","±10.1","738","±234","65.4%","±9.7","464","±126","57.7%","±10.1","610","±196","55.8%","±11.0","364","±111","61.1%","±9.4","326","±177","60.8%","±13.0","128","±73","47.9%","±13.2","371","±112","52.5%","±11.2","291","±127","56.8%","±13.3","619","±206","54.1%","±6.5","250","±75","55.7%","±12.8","736","±251","47.6%","±7.1","458","±163","50.1%","±7.3","498","±129","58.3%","±7.0","117","±46","60.6%","±11.8"
"            Sex ratio (males per 100 females)","96.3","±50.0","(X)","(X)","89.2","±36.3","(X)","(X)","111.2","±38.4","(X)","(X)","118.7","±50.4","(X)","(X)","62.5","±29.0","(X)","(X)","48.0","±22.2","(X)","(X)","94.6","±24.0","(X)","(X)","67.7","±22.8","(X)","(X)","69.1","±28.4","(X)","(X)","87.3","±24.6","(X)","(X)","139.3","±68.2","(X)","(X)","143.0","±74.2","(X)","(X)","23.0","±22.5","(X)","(X)","98.1","±31.4","(X)","(X)","66.1","±26.0","(X)","(X)","105.3","±33.0","(X)","(X)","102.2","±67.6","(X)","(X)","66.9","±20.7","(X)","(X)","132.8","±79.8","(X)","(X)","79.0","±33.6","(X)","(X)","52.8","±22.8","(X)","(X)","73.3","±30.0","(X)","(X)","79.2","±35.7","(X)","(X)","63.7","±25.3","(X)","(X)","64.4","±37.6","(X)","(X)","108.6","±66.0","(X)","(X)","90.6","±41.8","(X)","(X)","75.9","±42.7","(X)","(X)","84.8","±22.9","(X)","(X)","79.6","±42.5","(X)","(X)","110.1","±31.9","(X)","(X)","99.8","±29.3","(X)","(X)","71.5","±20.7","(X)","(X)","65.0","±32.4","(X)","(X)"
"RACE","","","","","","","","","","","","","","","","","","","","","","","","","","","","","","","","","","","","","","","","","","","","","","","","","","","","","","","","","","","","","","","","","","","","","","","","","","","","","","","","","","","","","","","","","","","","","","","","","","","","","","","","","","","","","","","","","","","","","","","","","","","","","","","","","","","","","","","",""
"    Total population","4,368","±452","4,368","(X)","3,195","±556","3,195","(X)","4,775","±530","4,775","(X)","5,989","±629","5,989","(X)","3,569","±483","3,569","(X)","5,582","±890","5,582","(X)","5,197","±906","5,197","(X)","5,143","±787","5,143","(X)","5,605","±667","5,605","(X)","6,366","±686","6,366","(X)","6,312","±906","6,312","(X)","3,471","±515","3,471","(X)","2,521","±378","2,521","(X)","4,206","±524","4,206","(X)","3,008","±893","3,008","(X)","3,854","±684","3,854","(X)","3,329","±695","3,329","(X)","4,301","±472","4,301","(X)","3,261","±633","3,261","(X)","3,027","±635","3,027","(X)","5,602","±697","5,602","(X)","4,534","±688","4,534","(X)","4,218","±426","4,218","(X)","4,237","±756","4,237","(X)","3,991","±579","3,991","(X)","2,254","±382","2,254","(X)","5,455","±417","5,455","(X)","3,300","±390","3,300","(X)","5,769","±883","5,769","(X)","2,772","±357","2,772","(X)","6,006","±501","6,006","(X)","3,761","±534","3,761","(X)","4,221","±539","4,221","(X)","1,204","±201","1,204","(X)"
"        One race","4,168","±463","95.4%","±3.2","3,036","±561","95.0%","±3.6","4,383","±573","91.8%","±5.2","5,806","±640","96.9%","±2.0","2,797","±538","78.4%","±9.2","5,434","±879","97.3%","±2.1","4,810","±896","92.6%","±4.6","4,731","±772","92.0%","±4.7","5,527","±668","98.6%","±1.4","6,013","±654","94.5%","±3.9","6,146","±909","97.4%","±1.8","3,176","±539","91.5%","±5.6","2,510","±378","99.6%","±0.7","3,881","±553","92.3%","±6.0","2,883","±897","95.8%","±4.1","3,292","±631","85.4%","±9.2","2,817","±496","84.6%","±12.0","4,063","±493","94.5%","±4.9","3,240","±646","99.4%","±1.1","2,806","±626","92.7%","±4.8","5,222","±798","93.2%","±6.8","4,528","±688","99.9%","±0.3","4,008","±452","95.0%","±4.4","3,821","±779","90.2%","±6.5","3,952","±586","99.0%","±1.3","2,254","±382","100.0%","±1.9","5,077","±471","93.1%","±3.9","3,274","±391","99.2%","±1.0","5,733","±875","99.4%","±0.9","2,643","±345","95.3%","±3.4","5,978","±498","99.5%","±0.8","3,556","±528","94.5%","±3.4","4,087","±535","96.8%","±2.6","1,142","±191","94.9%","±5.3"
"        Two or More Races","200","±140","4.6%","±3.2","159","±111","5.0%","±3.6","392","±247","8.2%","±5.2","183","±117","3.1%","±2.0","772","±331","21.6%","±9.2","148","±118","2.7%","±2.1","387","±245","7.4%","±4.6","412","±244","8.0%","±4.7","78","±80","1.4%","±1.4","353","±261","5.5%","±3.9","166","±111","2.6%","±1.8","295","±193","8.5%","±5.6","11","±18","0.4%","±0.7","325","±254","7.7%","±6.0","125","±115","4.2%","±4.1","562","±378","14.6%","±9.2","512","±458","15.4%","±12.0","238","±212","5.5%","±4.9","21","±34","0.6%","±1.1","221","±145","7.3%","±4.8","380","±377","6.8%","±6.8","6","±12","0.1%","±0.3","210","±188","5.0%","±4.4","416","±270","9.8%","±6.5","39","±51","1.0%","±1.3","0","±14","0.0%","±1.9","378","±210","6.9%","±3.9","26","±33","0.8%","±1.0","36","±53","0.6%","±0.9","129","±97","4.7%","±3.4","28","±50","0.5%","±0.8","205","±129","5.5%","±3.4","134","±113","3.2%","±2.6","62","±68","5.1%","±5.3"
"        One race","4,168","±463","95.4%","±3.2","3,036","±561","95.0%","±3.6","4,383","±573","91.8%","±5.2","5,806","±640","96.9%","±2.0","2,797","±538","78.4%","±9.2","5,434","±879","97.3%","±2.1","4,810","±896","92.6%","±4.6","4,731","±772","92.0%","±4.7","5,527","±668","98.6%","±1.4","6,013","±654","94.5%","±3.9","6,146","±909","97.4%","±1.8","3,176","±539","91.5%","±5.6","2,510","±378","99.6%","±0.7","3,881","±553","92.3%","±6.0","2,883","±897","95.8%","±4.1","3,292","±631","85.4%","±9.2","2,817","±496","84.6%","±12.0","4,063","±493","94.5%","±4.9","3,240","±646","99.4%","±1.1","2,806","±626","92.7%","±4.8","5,222","±798","93.2%","±6.8","4,528","±688","99.9%","±0.3","4,008","±452","95.0%","±4.4","3,821","±779","90.2%","±6.5","3,952","±586","99.0%","±1.3","2,254","±382","100.0%","±1.9","5,077","±471","93.1%","±3.9","3,274","±391","99.2%","±1.0","5,733","±875","99.4%","±0.9","2,643","±345","95.3%","±3.4","5,978","±498","99.5%","±0.8","3,556","±528","94.5%","±3.4","4,087","±535","96.8%","±2.6","1,142","±191","94.9%","±5.3"
"            White","2,749","±402","62.9%","±8.9","2,192","±316","68.6%","±9.4","3,559","±523","74.5%","±7.6","3,986","±619","66.6%","±10.2","1,304","±437","36.5%","±11.8","3,329","±685","59.6%","±10.4","4,278","±842","82.3%","±7.4","4,650","±784","90.4%","±5.0","5,522","±669","98.5%","±1.4","5,460","±676","85.8%","±5.8","5,409","±1,072","85.7%","±8.4","3,041","±570","87.6%","±7.2","2,510","±378","99.6%","±0.7","3,402","±590","80.9%","±9.5","2,827","±875","94.0%","±5.6","3,204","±631","83.1%","±9.3","2,473","±488","74.3%","±11.7","3,567","±507","82.9%","±6.1","3,085","±647","94.6%","±5.3","2,435","±623","80.4%","±8.1","4,194","±741","74.9%","±8.4","4,528","±688","99.9%","±0.3","3,985","±452","94.5%","±4.4","3,414","±775","80.6%","±8.7","3,884","±598","97.3%","±2.0","2,172","±348","96.4%","±4.1","4,690","±480","86.0%","±5.0","2,691","±374","81.5%","±13.3","5,408","±810","93.7%","±5.9","1,991","±389","71.8%","±10.0","5,090","±597","84.7%","±5.3","3,263","±569","86.8%","±6.3","3,307","±564","78.3%","±6.6","894","±182","74.3%","±14.3"
"            Black or African American","784","±373","17.9%","±7.8","480","±333","15.0%","±9.3","349","±216","7.3%","±4.3","536","±194","8.9%","±3.2","920","±327","25.8%","±8.0","823","±347","14.7%","±5.7","156","±102","3.0%","±2.1","4","±8","0.1%","±0.2","0","±19","0.0%","±0.8","60","±62","0.9%","±0.9","2","±4","0.0%","±0.1","120","±100","3.5%","±3.0","0","±14","0.0%","±1.7","262","±265","6.2%","±6.3","0","±14","0.0%","±1.4","88","±62","2.3%","±1.6","167","±106","5.0%","±3.3","444","±116","10.3%","±2.9","67","±85","2.1%","±2.6","231","±155","7.6%","±5.3","535","±220","9.6%","±3.8","0","±14","0.0%","±0.9","21","±23","0.5%","±0.6","120","±78","2.8%","±2.0","14","±19","0.4%","±0.5","8","±14","0.4%","±0.6","167","±119","3.1%","±2.2","403","±444","12.2%","±12.6","13","±21","0.2%","±0.4","389","±218","14.0%","±8.1","400","±274","6.7%","±4.7","214","±174","5.7%","±4.7","316","±169","7.5%","±4.0","70","±72","5.8%","±5.9"
"            American Indian and Alaska Native","4","±7","0.1%","±0.2","7","±11","0.2%","±0.4","5","±11","0.1%","±0.2","78","±116","1.3%","±1.9","33","±45","0.9%","±1.2","0","±19","0.0%","±0.8","0","±19","0.0%","±0.8","0","±19","0.0%","±0.8","5","±8","0.1%","±0.2","10","±14","0.2%","±0.2","0","±19","0.0%","±0.7","7","±12","0.2%","±0.3","0","±14","0.0%","±1.7","0","±14","0.0%","±1.0","0","±14","0.0%","±1.4","0","±14","0.0%","±1.1","46","±69","1.4%","±2.2","1","±2","0.0%","±0.1","0","±14","0.0%","±1.3","0","±14","0.0%","±1.4","31","±25","0.6%","±0.4","0","±14","0.0%","±0.9","0","±14","0.0%","±1.0","35","±32","0.8%","±0.8","30","±41","0.8%","±1.1","8","±15","0.4%","±0.6","84","±95","1.5%","±1.7","8","±15","0.2%","±0.5","5","±12","0.1%","±0.2","0","±14","0.0%","±1.5","0","±19","0.0%","±0.7","6","±8","0.2%","±0.2","0","±14","0.0%","±1.0","16","±13","1.3%","±1.1"
"                Cherokee tribal grouping","4","±7","0.1%","±0.2","7","±11","0.2%","±0.4","5","±11","0.1%","±0.2","0","±19","0.0%","±0.7","0","±14","0.0%","±1.2","0","±19","0.0%","±0.8","0","±19","0.0%","±0.8","0","±19","0.0%","±0.8","0","±19","0.0%","±0.8","0","±19","0.0%","±0.7","0","±19","0.0%","±0.7","0","±14","0.0%","±1.2","0","±14","0.0%","±1.7","0","±14","0.0%","±1.0","0","±14","0.0%","±1.4","0","±14","0.0%","±1.1","0","±14","0.0%","±1.3","0","±14","0.0%","±1.0","0","±14","0.0%","±1.3","0","±14","0.0%","±1.4","0","±19","0.0%","±0.8","0","±14","0.0%","±0.9","0","±14","0.0%","±1.0","0","±14","0.0%","±1.0","0","±14","0.0%","±1.1","0","±14","0.0%","±1.9","0","±19","0.0%","±0.8","0","±14","0.0%","±1.3","0","±19","0.0%","±0.7","0","±14","0.0%","±1.5","0","±19","0.0%","±0.7","0","±14","0.0%","±1.1","0","±14","0.0%","±1.0","13","±12","1.1%","±1.0"
"                Chippewa tribal grouping","0","±14","0.0%","±1.0","0","±14","0.0%","±1.3","0","±14","0.0%","±0.9","0","±19","0.0%","±0.7","7","±12","0.2%","±0.3","0","±19","0.0%","±0.8","0","±19","0.0%","±0.8","0","±19","0.0%","±0.8","0","±19","0.0%","±0.8","0","±19","0.0%","±0.7","0","±19","0.0%","±0.7","0","±14","0.0%","±1.2","0","±14","0.0%","±1.7","0","±14","0.0%","±1.0","0","±14","0.0%","±1.4","0","±14","0.0%","±1.1","0","±14","0.0%","±1.3","0","±14","0.0%","±1.0","0","±14","0.0%","±1.3","0","±14","0.0%","±1.4","0","±19","0.0%","±0.8","0","±14","0.0%","±0.9","0","±14","0.0%","±1.0","11","±18","0.3%","±0.4","0","±14","0.0%","±1.1","0","±14","0.0%","±1.9","8","±15","0.1%","±0.3","0","±14","0.0%","±1.3","0","±19","0.0%","±0.7","0","±14","0.0%","±1.5","0","±19","0.0%","±0.7","0","±14","0.0%","±1.1","0","±14","0.0%","±1.0","0","±14","0.0%","±3.5"
"                Navajo tribal grouping","0","±14","0.0%","±1.0","0","±14","0.0%","±1.3","0","±14","0.0%","±0.9","0","±19","0.0%","±0.7","0","±14","0.0%","±1.2","0","±19","0.0%","±0.8","0","±19","0.0%","±0.8","0","±19","0.0%","±0.8","0","±19","0.0%","±0.8","0","±19","0.0%","±0.7","0","±19","0.0%","±0.7","0","±14","0.0%","±1.2","0","±14","0.0%","±1.7","0","±14","0.0%","±1.0","0","±14","0.0%","±1.4","0","±14","0.0%","±1.1","0","±14","0.0%","±1.3","0","±14","0.0%","±1.0","0","±14","0.0%","±1.3","0","±14","0.0%","±1.4","0","±19","0.0%","±0.8","0","±14","0.0%","±0.9","0","±14","0.0%","±1.0","0","±14","0.0%","±1.0","0","±14","0.0%","±1.1","0","±14","0.0%","±1.9","0","±19","0.0%","±0.8","0","±14","0.0%","±1.3","0","±19","0.0%","±0.7","0","±14","0.0%","±1.5","0","±19","0.0%","±0.7","0","±14","0.0%","±1.1","0","±14","0.0%","±1.0","0","±14","0.0%","±3.5"
"                Sioux tribal grouping","0","±14","0.0%","±1.0","0","±14","0.0%","±1.3","0","±14","0.0%","±0.9","0","±19","0.0%","±0.7","0","±14","0.0%","±1.2","0","±19","0.0%","±0.8","0","±19","0.0%","±0.8","0","±19","0.0%","±0.8","0","±19","0.0%","±0.8","0","±19","0.0%","±0.7","0","±19","0.0%","±0.7","0","±14","0.0%","±1.2","0","±14","0.0%","±1.7","0","±14","0.0%","±1.0","0","±14","0.0%","±1.4","0","±14","0.0%","±1.1","0","±14","0.0%","±1.3","0","±14","0.0%","±1.0","0","±14","0.0%","±1.3","0","±14","0.0%","±1.4","0","±19","0.0%","±0.8","0","±14","0.0%","±0.9","0","±14","0.0%","±1.0","0","±14","0.0%","±1.0","0","±14","0.0%","±1.1","0","±14","0.0%","±1.9","0","±19","0.0%","±0.8","0","±14","0.0%","±1.3","0","±19","0.0%","±0.7","0","±14","0.0%","±1.5","0","±19","0.0%","±0.7","0","±14","0.0%","±1.1","0","±14","0.0%","±1.0","0","±14","0.0%","±3.5"
"            Asian","172","±139","3.9%","±3.1","10","±18","0.3%","±0.6","91","±109","1.9%","±2.3","22","±40","0.4%","±0.7","44","±54","1.2%","±1.5","37","±40","0.7%","±0.7","13","±23","0.3%","±0.5","74","±105","1.4%","±2.1","0","±19","0.0%","±0.8","171","±221","2.7%","±3.4","0","±19","0.0%","±0.7","0","±14","0.0%","±1.2","0","±14","0.0%","±1.7","0","±14","0.0%","±1.0","0","±14","0.0%","±1.4","0","±14","0.0%","±1.1","0","±14","0.0%","±1.3","0","±14","0.0%","±1.0","0","±14","0.0%","±1.3","0","±14","0.0%","±1.4","32","±51","0.6%","±0.9","0","±14","0.0%","±0.9","0","±14","0.0%","±1.0","14","±23","0.3%","±0.5","0","±14","0.0%","±1.1","63","±90","2.8%","±3.8","0","±19","0.0%","±0.8","0","±14","0.0%","±1.3","46","±62","0.8%","±1.0","42","±62","1.5%","±2.2","478","±138","8.0%","±2.3","64","±88","1.7%","±2.4","332","±187","7.9%","±4.5","23","±64","1.9%","±5.2"
"                Asian Indian","0","±14","0.0%","±1.0","0","±14","0.0%","±1.3","0","±14","0.0%","±0.9","22","±40","0.4%","±0.7","0","±14","0.0%","±1.2","0","±19","0.0%","±0.8","0","±19","0.0%","±0.8","0","±19","0.0%","±0.8","0","±19","0.0%","±0.8","171","±221","2.7%","±3.4","0","±19","0.0%","±0.7","0","±14","0.0%","±1.2","0","±14","0.0%","±1.7","0","±14","0.0%","±1.0","0","±14","0.0%","±1.4","0","±14","0.0%","±1.1","0","±14","0.0%","±1.3","0","±14","0.0%","±1.0","0","±14","0.0%","±1.3","0","±14","0.0%","±1.4","2","±4","0.0%","±0.1","0","±14","0.0%","±0.9","0","±14","0.0%","±1.0","0","±14","0.0%","±1.0","0","±14","0.0%","±1.1","0","±14","0.0%","±1.9","0","±19","0.0%","±0.8","0","±14","0.0%","±1.3","0","±19","0.0%","±0.7","0","±14","0.0%","±1.5","0","±19","0.0%","±0.7","0","±14","0.0%","±1.1","0","±14","0.0%","±1.0","0","±14","0.0%","±3.5"
"                Chinese","0","±14","0.0%","±1.0","0","±14","0.0%","±1.3","1","±3","0.0%","±0.1","0","±19","0.0%","±0.7","0","±14","0.0%","±1.2","0","±19","0.0%","±0.8","0","±19","0.0%","±0.8","0","±19","0.0%","±0.8","0","±19","0.0%","±0.8","0","±19","0.0%","±0.7","0","±19","0.0%","±0.7","0","±14","0.0%","±1.2","0","±14","0.0%","±1.7","0","±14","0.0%","±1.0","0","±14","0.0%","±1.4","0","±14","0.0%","±1.1","0","±14","0.0%","±1.3","0","±14","0.0%","±1.0","0","±14","0.0%","±1.3","0","±14","0.0%","±1.4","30","±51","0.5%","±0.9","0","±14","0.0%","±0.9","0","±14","0.0%","±1.0","0","±14","0.0%","±1.0","0","±14","0.0%","±1.1","0","±14","0.0%","±1.9","0","±19","0.0%","±0.8","0","±14","0.0%","±1.3","46","±62","0.8%","±1.0","0","±14","0.0%","±1.5","0","±19","0.0%","±0.7","0","±14","0.0%","±1.1","29","±45","0.7%","±1.1","0","±14","0.0%","±3.5"
"                Filipino","132","±120","3.0%","±2.7","10","±18","0.3%","±0.6","16","±27","0.3%","±0.6","0","±19","0.0%","±0.7","44","±54","1.2%","±1.5","8","±14","0.1%","±0.2","0","±19","0.0%","±0.8","0","±19","0.0%","±0.8","0","±19","0.0%","±0.8","0","±19","0.0%","±0.7","0","±19","0.0%","±0.7","0","±14","0.0%","±1.2","0","±14","0.0%","±1.7","0","±14","0.0%","±1.0","0","±14","0.0%","±1.4","0","±14","0.0%","±1.1","0","±14","0.0%","±1.3","0","±14","0.0%","±1.0","0","±14","0.0%","±1.3","0","±14","0.0%","±1.4","0","±19","0.0%","±0.8","0","±14","0.0%","±0.9","0","±14","0.0%","±1.0","0","±14","0.0%","±1.0","0","±14","0.0%","±1.1","0","±14","0.0%","±1.9","0","±19","0.0%","±0.8","0","±14","0.0%","±1.3","0","±19","0.0%","±0.7","0","±14","0.0%","±1.5","0","±19","0.0%","±0.7","0","±14","0.0%","±1.1","55","±73","1.3%","±1.7","0","±14","0.0%","±3.5"
"                Japanese","0","±14","0.0%","±1.0","0","±14","0.0%","±1.3","0","±14","0.0%","±0.9","0","±19","0.0%","±0.7","0","±14","0.0%","±1.2","6","±10","0.1%","±0.2","0","±19","0.0%","±0.8","0","±19","0.0%","±0.8","0","±19","0.0%","±0.8","0","±19","0.0%","±0.7","0","±19","0.0%","±0.7","0","±14","0.0%","±1.2","0","±14","0.0%","±1.7","0","±14","0.0%","±1.0","0","±14","0.0%","±1.4","0","±14","0.0%","±1.1","0","±14","0.0%","±1.3","0","±14","0.0%","±1.0","0","±14","0.0%","±1.3","0","±14","0.0%","±1.4","0","±19","0.0%","±0.8","0","±14","0.0%","±0.9","0","±14","0.0%","±1.0","0","±14","0.0%","±1.0","0","±14","0.0%","±1.1","0","±14","0.0%","±1.9","0","±19","0.0%","±0.8","0","±14","0.0%","±1.3","0","±19","0.0%","±0.7","0","±14","0.0%","±1.5","0","±19","0.0%","±0.7","0","±14","0.0%","±1.1","0","±14","0.0%","±1.0","0","±14","0.0%","±3.5"
"                Korean","40","±65","0.9%","±1.5","0","±14","0.0%","±1.3","0","±14","0.0%","±0.9","0","±19","0.0%","±0.7","0","±14","0.0%","±1.2","0","±19","0.0%","±0.8","0","±19","0.0%","±0.8","14","±23","0.3%","±0.5","0","±19","0.0%","±0.8","0","±19","0.0%","±0.7","0","±19","0.0%","±0.7","0","±14","0.0%","±1.2","0","±14","0.0%","±1.7","0","±14","0.0%","±1.0","0","±14","0.0%","±1.4","0","±14","0.0%","±1.1","0","±14","0.0%","±1.3","0","±14","0.0%","±1.0","0","±14","0.0%","±1.3","0","±14","0.0%","±1.4","0","±19","0.0%","±0.8","0","±14","0.0%","±0.9","0","±14","0.0%","±1.0","0","±14","0.0%","±1.0","0","±14","0.0%","±1.1","63","±90","2.8%","±3.8","0","±19","0.0%","±0.8","0","±14","0.0%","±1.3","0","±19","0.0%","±0.7","0","±14","0.0%","±1.5","0","±19","0.0%","±0.7","0","±14","0.0%","±1.1","0","±14","0.0%","±1.0","0","±14","0.0%","±3.5"
"                Vietnamese","0","±14","0.0%","±1.0","0","±14","0.0%","±1.3","0","±14","0.0%","±0.9","0","±19","0.0%","±0.7","0","±14","0.0%","±1.2","0","±19","0.0%","±0.8","13","±23","0.3%","±0.5","0","±19","0.0%","±0.8","0","±19","0.0%","±0.8","0","±19","0.0%","±0.7","0","±19","0.0%","±0.7","0","±14","0.0%","±1.2","0","±14","0.0%","±1.7","0","±14","0.0%","±1.0","0","±14","0.0%","±1.4","0","±14","0.0%","±1.1","0","±14","0.0%","±1.3","0","±14","0.0%","±1.0","0","±14","0.0%","±1.3","0","±14","0.0%","±1.4","0","±19","0.0%","±0.8","0","±14","0.0%","±0.9","0","±14","0.0%","±1.0","0","±14","0.0%","±1.0","0","±14","0.0%","±1.1","0","±14","0.0%","±1.9","0","±19","0.0%","±0.8","0","±14","0.0%","±1.3","0","±19","0.0%","±0.7","32","±60","1.2%","±2.2","415","±146","6.9%","±2.4","10","±18","0.3%","±0.5","0","±14","0.0%","±1.0","0","±14","0.0%","±3.5"
"                Other Asian","0","±14","0.0%","±1.0","0","±14","0.0%","±1.3","74","±104","1.5%","±2.2","0","±19","0.0%","±0.7","0","±14","0.0%","±1.2","23","±36","0.4%","±0.6","0","±19","0.0%","±0.8","60","±104","1.2%","±2.0","0","±19","0.0%","±0.8","0","±19","0.0%","±0.7","0","±19","0.0%","±0.7","0","±14","0.0%","±1.2","0","±14","0.0%","±1.7","0","±14","0.0%","±1.0","0","±14","0.0%","±1.4","0","±14","0.0%","±1.1","0","±14","0.0%","±1.3","0","±14","0.0%","±1.0","0","±14","0.0%","±1.3","0","±14","0.0%","±1.4","0","±19","0.0%","±0.8","0","±14","0.0%","±0.9","0","±14","0.0%","±1.0","14","±23","0.3%","±0.5","0","±14","0.0%","±1.1","0","±14","0.0%","±1.9","0","±19","0.0%","±0.8","0","±14","0.0%","±1.3","0","±19","0.0%","±0.7","10","±15","0.4%","±0.6","63","±99","1.0%","±1.7","54","±88","1.4%","±2.4","248","±183","5.9%","±4.4","23","±64","1.9%","±5.2"
"            Native Hawaiian and Other Pacific Islander","0","±14","0.0%","±1.0","0","±14","0.0%","±1.3","0","±14","0.0%","±0.9","0","±19","0.0%","±0.7","0","±14","0.0%","±1.2","60","±79","1.1%","±1.5","0","±19","0.0%","±0.8","0","±19","0.0%","±0.8","0","±19","0.0%","±0.8","23","±46","0.4%","±0.7","0","±19","0.0%","±0.7","0","±14","0.0%","±1.2","0","±14","0.0%","±1.7","0","±14","0.0%","±1.0","0","±14","0.0%","±1.4","0","±14","0.0%","±1.1","0","±14","0.0%","±1.3","0","±14","0.0%","±1.0","16","±26","0.5%","±0.8","0","±14","0.0%","±1.4","0","±19","0.0%","±0.8","0","±14","0.0%","±0.9","0","±14","0.0%","±1.0","0","±14","0.0%","±1.0","0","±14","0.0%","±1.1","0","±14","0.0%","±1.9","0","±19","0.0%","±0.8","0","±14","0.0%","±1.3","0","±19","0.0%","±0.7","0","±14","0.0%","±1.5","0","±19","0.0%","±0.7","0","±14","0.0%","±1.1","0","±14","0.0%","±1.0","0","±14","0.0%","±3.5"
"                Chamorro","0","±14","0.0%","±1.0","0","±14","0.0%","±1.3","0","±14","0.0%","±0.9","0","±19","0.0%","±0.7","0","±14","0.0%","±1.2","60","±79","1.1%","±1.5","0","±19","0.0%","±0.8","0","±19","0.0%","±0.8","0","±19","0.0%","±0.8","0","±19","0.0%","±0.7","0","±19","0.0%","±0.7","0","±14","0.0%","±1.2","0","±14","0.0%","±1.7","0","±14","0.0%","±1.0","0","±14","0.0%","±1.4","0","±14","0.0%","±1.1","0","±14","0.0%","±1.3","0","±14","0.0%","±1.0","0","±14","0.0%","±1.3","0","±14","0.0%","±1.4","0","±19","0.0%","±0.8","0","±14","0.0%","±0.9","0","±14","0.0%","±1.0","0","±14","0.0%","±1.0","0","±14","0.0%","±1.1","0","±14","0.0%","±1.9","0","±19","0.0%","±0.8","0","±14","0.0%","±1.3","0","±19","0.0%","±0.7","0","±14","0.0%","±1.5","0","±19","0.0%","±0.7","0","±14","0.0%","±1.1","0","±14","0.0%","±1.0","0","±14","0.0%","±3.5"
"                Native Hawaiian","0","±14","0.0%","±1.0","0","±14","0.0%","±1.3","0","±14","0.0%","±0.9","0","±19","0.0%","±0.7","0","±14","0.0%","±1.2","0","±19","0.0%","±0.8","0","±19","0.0%","±0.8","0","±19","0.0%","±0.8","0","±19","0.0%","±0.8","0","±19","0.0%","±0.7","0","±19","0.0%","±0.7","0","±14","0.0%","±1.2","0","±14","0.0%","±1.7","0","±14","0.0%","±1.0","0","±14","0.0%","±1.4","0","±14","0.0%","±1.1","0","±14","0.0%","±1.3","0","±14","0.0%","±1.0","0","±14","0.0%","±1.3","0","±14","0.0%","±1.4","0","±19","0.0%","±0.8","0","±14","0.0%","±0.9","0","±14","0.0%","±1.0","0","±14","0.0%","±1.0","0","±14","0.0%","±1.1","0","±14","0.0%","±1.9","0","±19","0.0%","±0.8","0","±14","0.0%","±1.3","0","±19","0.0%","±0.7","0","±14","0.0%","±1.5","0","±19","0.0%","±0.7","0","±14","0.0%","±1.1","0","±14","0.0%","±1.0","0","±14","0.0%","±3.5"
"                Samoan","0","±14","0.0%","±1.0","0","±14","0.0%","±1.3","0","±14","0.0%","±0.9","0","±19","0.0%","±0.7","0","±14","0.0%","±1.2","0","±19","0.0%","±0.8","0","±19","0.0%","±0.8","0","±19","0.0%","±0.8","0","±19","0.0%","±0.8","0","±19","0.0%","±0.7","0","±19","0.0%","±0.7","0","±14","0.0%","±1.2","0","±14","0.0%","±1.7","0","±14","0.0%","±1.0","0","±14","0.0%","±1.4","0","±14","0.0%","±1.1","0","±14","0.0%","±1.3","0","±14","0.0%","±1.0","0","±14","0.0%","±1.3","0","±14","0.0%","±1.4","0","±19","0.0%","±0.8","0","±14","0.0%","±0.9","0","±14","0.0%","±1.0","0","±14","0.0%","±1.0","0","±14","0.0%","±1.1","0","±14","0.0%","±1.9","0","±19","0.0%","±0.8","0","±14","0.0%","±1.3","0","±19","0.0%","±0.7","0","±14","0.0%","±1.5","0","±19","0.0%","±0.7","0","±14","0.0%","±1.1","0","±14","0.0%","±1.0","0","±14","0.0%","±3.5"
"                Other Native Hawaiian and Other Pacific Islander","0","±14","0.0%","±1.0","0","±14","0.0%","±1.3","0","±14","0.0%","±0.9","0","±19","0.0%","±0.7","0","±14","0.0%","±1.2","0","±19","0.0%","±0.8","0","±19","0.0%","±0.8","0","±19","0.0%","±0.8","0","±19","0.0%","±0.8","23","±46","0.4%","±0.7","0","±19","0.0%","±0.7","0","±14","0.0%","±1.2","0","±14","0.0%","±1.7","0","±14","0.0%","±1.0","0","±14","0.0%","±1.4","0","±14","0.0%","±1.1","0","±14","0.0%","±1.3","0","±14","0.0%","±1.0","16","±26","0.5%","±0.8","0","±14","0.0%","±1.4","0","±19","0.0%","±0.8","0","±14","0.0%","±0.9","0","±14","0.0%","±1.0","0","±14","0.0%","±1.0","0","±14","0.0%","±1.1","0","±14","0.0%","±1.9","0","±19","0.0%","±0.8","0","±14","0.0%","±1.3","0","±19","0.0%","±0.7","0","±14","0.0%","±1.5","0","±19","0.0%","±0.7","0","±14","0.0%","±1.1","0","±14","0.0%","±1.0","0","±14","0.0%","±3.5"
"            Some Other Race","459","±228","10.5%","±5.0","347","±301","10.9%","±8.6","379","±205","7.9%","±4.1","1,184","±697","19.8%","±10.8","496","±379","13.9%","±10.1","1,185","±649","21.2%","±10.5","363","±351","7.0%","±6.5","3","±7","0.1%","±0.1","0","±19","0.0%","±0.8","289","±267","4.5%","±4.4","735","±486","11.6%","±8.0","8","±13","0.2%","±0.4","0","±14","0.0%","±1.7","217","±226","5.2%","±5.4","56","±143","1.9%","±4.9","0","±14","0.0%","±1.1","131","±149","3.9%","±4.4","51","±58","1.2%","±1.3","72","±116","2.2%","±3.5","140","±120","4.6%","±3.9","430","±343","7.7%","±6.0","0","±14","0.0%","±0.9","2","±5","0.0%","±0.1","238","±229","5.6%","±5.4","24","±38","0.6%","±1.0","3","±5","0.1%","±0.2","136","±125","2.5%","±2.2","172","±185","5.2%","±5.6","261","±340","4.5%","±5.8","221","±277","8.0%","±9.9","10","±18","0.2%","±0.3","9","±14","0.2%","±0.4","132","±115","3.1%","±2.8","139","±160","11.5%","±12.5"
"        Two or More Races","200","±140","4.6%","±3.2","159","±111","5.0%","±3.6","392","±247","8.2%","±5.2","183","±117","3.1%","±2.0","772","±331","21.6%","±9.2","148","±118","2.7%","±2.1","387","±245","7.4%","±4.6","412","±244","8.0%","±4.7","78","±80","1.4%","±1.4","353","±261","5.5%","±3.9","166","±111","2.6%","±1.8","295","±193","8.5%","±5.6","11","±18","0.4%","±0.7","325","±254","7.7%","±6.0","125","±115","4.2%","±4.1","562","±378","14.6%","±9.2","512","±458","15.4%","±12.0","238","±212","5.5%","±4.9","21","±34","0.6%","±1.1","221","±145","7.3%","±4.8","380","±377","6.8%","±6.8","6","±12","0.1%","±0.3","210","±188","5.0%","±4.4","416","±270","9.8%","±6.5","39","±51","1.0%","±1.3","0","±14","0.0%","±1.9","378","±210","6.9%","±3.9","26","±33","0.8%","±1.0","36","±53","0.6%","±0.9","129","±97","4.7%","±3.4","28","±50","0.5%","±0.8","205","±129","5.5%","±3.4","134","±113","3.2%","±2.6","62","±68","5.1%","±5.3"
"            White and Black or African American","118","±118","2.7%","±2.7","0","±14","0.0%","±1.3","51","±63","1.1%","±1.3","127","±104","2.1%","±1.7","191","±155","5.4%","±4.2","37","±44","0.7%","±0.8","29","±49","0.6%","±1.0","0","±19","0.0%","±0.8","0","±19","0.0%","±0.8","11","±20","0.2%","±0.3","95","±100","1.5%","±1.6","194","±177","5.6%","±5.1","0","±14","0.0%","±1.7","190","±182","4.5%","±4.3","0","±14","0.0%","±1.4","254","±213","6.6%","±5.1","20","±21","0.6%","±0.7","18","±32","0.4%","±0.7","0","±14","0.0%","±1.3","103","±107","3.4%","±3.5","98","±115","1.7%","±2.1","0","±14","0.0%","±0.9","114","±135","2.7%","±3.2","33","±71","0.8%","±1.7","0","±14","0.0%","±1.1","0","±14","0.0%","±1.9","145","±136","2.7%","±2.5","0","±14","0.0%","±1.3","0","±19","0.0%","±0.7","40","±51","1.4%","±1.8","0","±19","0.0%","±0.7","97","±93","2.6%","±2.5","0","±14","0.0%","±1.0","0","±14","0.0%","±3.5"
"            White and American Indian and Alaska Native","15","±13","0.3%","±0.3","45","±72","1.4%","±2.3","36","±32","0.8%","±0.7","18","±31","0.3%","±0.5","10","±12","0.3%","±0.3","36","±57","0.6%","±1.0","17","±22","0.3%","±0.4","162","±123","3.1%","±2.5","66","±80","1.2%","±1.4","89","±68","1.4%","±1.1","56","±60","0.9%","±1.0","15","±32","0.4%","±0.9","11","±18","0.4%","±0.7","22","±32","0.5%","±0.8","90","±95","3.0%","±3.2","60","±71","1.6%","±1.8","16","±16","0.5%","±0.5","18","±18","0.4%","±0.4","0","±14","0.0%","±1.3","32","±29","1.1%","±1.0","11","±57","0.2%","±1.0","6","±12","0.1%","±0.3","1","±3","0.0%","±0.1","71","±69","1.7%","±1.7","0","±14","0.0%","±1.1","0","±14","0.0%","±1.9","88","±60","1.6%","±1.1","26","±33","0.8%","±1.0","0","±19","0.0%","±0.7","81","±81","2.9%","±2.9","0","±19","0.0%","±0.7","45","±46","1.2%","±1.2","0","±14","0.0%","±1.0","47","±59","3.9%","±4.6"
"            White and Asian","0","±14","0.0%","±1.0","0","±14","0.0%","±1.3","15","±26","0.3%","±0.5","6","±14","0.1%","±0.2","53","±76","1.5%","±2.1","31","±38","0.6%","±0.7","9","±22","0.2%","±0.4","135","±163","2.6%","±3.0","12","±25","0.2%","±0.4","0","±19","0.0%","±0.7","0","±19","0.0%","±0.7","0","±14","0.0%","±1.2","0","±14","0.0%","±1.7","0","±14","0.0%","±1.0","0","±14","0.0%","±1.4","0","±14","0.0%","±1.1","7","±12","0.2%","±0.3","0","±14","0.0%","±1.0","0","±14","0.0%","±1.3","6","±9","0.2%","±0.3","0","±19","0.0%","±0.8","0","±14","0.0%","±0.9","74","±126","1.8%","±2.9","0","±14","0.0%","±1.0","0","±14","0.0%","±1.1","0","±14","0.0%","±1.9","0","±19","0.0%","±0.8","0","±14","0.0%","±1.3","0","±19","0.0%","±0.7","8","±15","0.3%","±0.5","28","±50","0.5%","±0.8","27","±35","0.7%","±0.9","90","±91","2.1%","±2.1","4","±8","0.3%","±0.7"
"            White and Some Other Race","18","±30","0.4%","±0.7","114","±101","3.6%","±3.1","268","±230","5.6%","±4.8","0","±19","0.0%","±0.7","83","±84","2.3%","±2.3","44","±90","0.8%","±1.6","254","±205","4.9%","±3.9","98","±153","1.9%","±3.0","0","±19","0.0%","±0.8","246","±251","3.9%","±3.8","15","±27","0.2%","±0.4","86","±104","2.5%","±2.9","0","±14","0.0%","±1.7","113","±174","2.7%","±4.2","35","±55","1.2%","±1.9","126","±127","3.3%","±3.5","469","±451","14.1%","±12.0","202","±212","4.7%","±4.9","0","±14","0.0%","±1.3","75","±109","2.5%","±3.7","252","±352","4.5%","±6.3","0","±14","0.0%","±0.9","21","±37","0.5%","±0.9","231","±243","5.5%","±5.7","39","±51","1.0%","±1.3","0","±14","0.0%","±1.9","145","±131","2.7%","±2.4","0","±14","0.0%","±1.3","36","±53","0.6%","±0.9","0","±14","0.0%","±1.5","0","±19","0.0%","±0.7","36","±63","1.0%","±1.6","44","±42","1.0%","±1.0","0","±14","0.0%","±3.5"
"            Black or African American and American Indian and Alaska Native","0","±14","0.0%","±1.0","0","±14","0.0%","±1.3","0","±14","0.0%","±0.9","0","±19","0.0%","±0.7","24","±41","0.7%","±1.1","0","±19","0.0%","±0.8","0","±19","0.0%","±0.8","0","±19","0.0%","±0.8","0","±19","0.0%","±0.8","0","±19","0.0%","±0.7","0","±19","0.0%","±0.7","0","±14","0.0%","±1.2","0","±14","0.0%","±1.7","0","±14","0.0%","±1.0","0","±14","0.0%","±1.4","0","±14","0.0%","±1.1","0","±14","0.0%","±1.3","0","±14","0.0%","±1.0","0","±14","0.0%","±1.3","0","±14","0.0%","±1.4","15","±24","0.3%","±0.4","0","±14","0.0%","±0.9","0","±14","0.0%","±1.0","13","±20","0.3%","±0.5","0","±14","0.0%","±1.1","0","±14","0.0%","±1.9","0","±19","0.0%","±0.8","0","±14","0.0%","±1.3","0","±19","0.0%","±0.7","0","±14","0.0%","±1.5","0","±19","0.0%","±0.7","0","±14","0.0%","±1.1","0","±14","0.0%","±1.0","0","±14","0.0%","±3.5"
"            Black or African American and Some Other Race","13","±23","0.3%","±0.5","0","±14","0.0%","±1.3","0","±14","0.0%","±0.9","0","±19","0.0%","±0.7","13","±20","0.4%","±0.6","0","±19","0.0%","±0.8","0","±19","0.0%","±0.8","0","±19","0.0%","±0.8","0","±19","0.0%","±0.8","7","±13","0.1%","±0.2","0","±19","0.0%","±0.7","0","±14","0.0%","±1.2","0","±14","0.0%","±1.7","0","±14","0.0%","±1.0","0","±14","0.0%","±1.4","0","±14","0.0%","±1.1","0","±14","0.0%","±1.3","0","±14","0.0%","±1.0","0","±14","0.0%","±1.3","0","±14","0.0%","±1.4","0","±19","0.0%","±0.8","0","±14","0.0%","±0.9","0","±14","0.0%","±1.0","0","±14","0.0%","±1.0","0","±14","0.0%","±1.1","0","±14","0.0%","±1.9","0","±19","0.0%","±0.8","0","±14","0.0%","±1.3","0","±19","0.0%","±0.7","0","±14","0.0%","±1.5","0","±19","0.0%","±0.7","0","±14","0.0%","±1.1","0","±14","0.0%","±1.0","0","±14","0.0%","±3.5"
"Race alone or in combination with one or more other races","","","","","","","","","","","","","","","","","","","","","","","","","","","","","","","","","","","","","","","","","","","","","","","","","","","","","","","","","","","","","","","","","","","","","","","","","","","","","","","","","","","","","","","","","","","","","","","","","","","","","","","","","","","","","","","","","","","","","","","","","","","","","","","","","","","","","","","",""
"    Total population","4,368","±452","4,368","(X)","3,195","±556","3,195","(X)","4,775","±530","4,775","(X)","5,989","±629","5,989","(X)","3,569","±483","3,569","(X)","5,582","±890","5,582","(X)","5,197","±906","5,197","(X)","5,143","±787","5,143","(X)","5,605","±667","5,605","(X)","6,366","±686","6,366","(X)","6,312","±906","6,312","(X)","3,471","±515","3,471","(X)","2,521","±378","2,521","(X)","4,206","±524","4,206","(X)","3,008","±893","3,008","(X)","3,854","±684","3,854","(X)","3,329","±695","3,329","(X)","4,301","±472","4,301","(X)","3,261","±633","3,261","(X)","3,027","±635","3,027","(X)","5,602","±697","5,602","(X)","4,534","±688","4,534","(X)","4,218","±426","4,218","(X)","4,237","±756","4,237","(X)","3,991","±579","3,991","(X)","2,254","±382","2,254","(X)","5,455","±417","5,455","(X)","3,300","±390","3,300","(X)","5,769","±883","5,769","(X)","2,772","±357","2,772","(X)","6,006","±501","6,006","(X)","3,761","±534","3,761","(X)","4,221","±539","4,221","(X)","1,204","±201","1,204","(X)"
"        White","2,936","±409","67.2%","±9.0","2,351","±336","73.6%","±10.4","3,940","±488","82.5%","±6.3","4,137","±627","69.1%","±10.4","2,039","±408","57.1%","±10.6","3,477","±721","62.3%","±10.9","4,587","±840","88.3%","±6.6","5,045","±807","98.1%","±2.2","5,600","±668","99.9%","±0.2","5,806","±718","91.2%","±4.9","5,575","±1,066","88.3%","±7.9","3,336","±537","96.1%","±3.1","2,521","±378","100.0%","±1.7","3,727","±574","88.6%","±8.0","2,952","±873","98.1%","±4.9","3,766","±684","97.7%","±1.6","2,985","±698","89.7%","±5.7","3,805","±483","88.5%","±3.3","3,106","±632","95.2%","±4.8","2,651","±638","87.6%","±7.1","4,559","±679","81.4%","±6.6","4,534","±688","100.0%","±0.9","4,195","±426","99.5%","±0.6","3,817","±759","90.1%","±5.8","3,923","±592","98.3%","±1.6","2,172","±348","96.4%","±4.1","5,068","±436","92.9%","±3.5","2,717","±373","82.3%","±13.3","5,444","±814","94.4%","±5.7","2,120","±412","76.5%","±10.3","5,118","±599","85.2%","±5.2","3,468","±570","92.2%","±4.9","3,441","±575","81.5%","±6.5","956","±189","79.4%","±13.6"
"        Black or African American","951","±372","21.8%","±7.5","480","±333","15.0%","±9.3","411","±226","8.6%","±4.5","663","±230","11.1%","±3.8","1,433","±435","40.2%","±10.9","860","±349","15.4%","±5.7","185","±113","3.6%","±2.3","4","±8","0.1%","±0.2","0","±19","0.0%","±0.8","78","±64","1.2%","±1.0","97","±100","1.5%","±1.6","314","±239","9.0%","±7.0","0","±14","0.0%","±1.7","452","±339","10.7%","±8.0","0","±14","0.0%","±1.4","464","±344","12.0%","±8.2","187","±108","5.6%","±3.3","462","±120","10.7%","±3.0","67","±85","2.1%","±2.6","339","±176","11.2%","±5.9","652","±249","11.6%","±4.4","0","±14","0.0%","±0.9","135","±135","3.2%","±3.2","226","±144","5.3%","±3.6","14","±19","0.4%","±0.5","8","±14","0.4%","±0.6","312","±170","5.7%","±3.2","403","±444","12.2%","±12.6","13","±21","0.2%","±0.4","429","±224","15.5%","±8.3","400","±274","6.7%","±4.7","311","±207","8.3%","±5.6","316","±169","7.5%","±4.0","81","±72","6.7%","±5.9"
"        American Indian and Alaska Native","55","±60","1.3%","±1.4","52","±73","1.6%","±2.4","52","±37","1.1%","±0.8","128","±136","2.1%","±2.3","465","±265","13.0%","±7.5","36","±57","0.6%","±1.0","17","±22","0.3%","±0.4","179","±125","3.5%","±2.5","71","±79","1.3%","±1.4","99","±70","1.6%","±1.1","56","±60","0.9%","±1.0","22","±34","0.6%","±1.0","11","±18","0.4%","±0.7","22","±32","0.5%","±0.8","90","±95","3.0%","±3.2","182","±176","4.7%","±4.3","62","±70","1.9%","±2.2","19","±18","0.4%","±0.4","0","±14","0.0%","±1.3","35","±30","1.2%","±1.0","61","±67","1.1%","±1.2","6","±12","0.1%","±0.3","1","±3","0.0%","±0.1","127","±70","3.0%","±1.9","30","±41","0.8%","±1.1","8","±15","0.4%","±0.6","172","±111","3.2%","±2.0","34","±36","1.0%","±1.1","5","±12","0.1%","±0.2","81","±81","2.9%","±2.9","0","±19","0.0%","±0.7","51","±51","1.4%","±1.4","0","±14","0.0%","±1.0","74","±65","6.1%","±5.1"
"        Asian","172","±139","3.9%","±3.1","10","±18","0.3%","±0.6","117","±119","2.5%","±2.5","28","±43","0.5%","±0.7","383","±292","10.7%","±8.2","68","±63","1.2%","±1.1","100","±122","1.9%","±2.3","226","±174","4.4%","±3.2","12","±25","0.2%","±0.4","171","±221","2.7%","±3.4","0","±19","0.0%","±0.7","0","±14","0.0%","±1.2","0","±14","0.0%","±1.7","0","±14","0.0%","±1.0","0","±14","0.0%","±1.4","0","±14","0.0%","±1.1","7","±12","0.2%","±0.3","0","±14","0.0%","±1.0","0","±14","0.0%","±1.3","8","±10","0.3%","±0.3","32","±51","0.6%","±0.9","0","±14","0.0%","±0.9","74","±126","1.8%","±2.9","30","±35","0.7%","±0.8","0","±14","0.0%","±1.1","63","±90","2.8%","±3.8","0","±19","0.0%","±0.8","0","±14","0.0%","±1.3","46","±62","0.8%","±1.0","50","±76","1.8%","±2.7","506","±146","8.4%","±2.4","91","±95","2.4%","±2.6","422","±212","10.0%","±5.0","27","±64","2.2%","±5.2"
"        Native Hawaiian and Other Pacific Islander","0","±14","0.0%","±1.0","0","±14","0.0%","±1.3","0","±14","0.0%","±0.9","0","±19","0.0%","±0.7","0","±14","0.0%","±1.2","60","±79","1.1%","±1.5","78","±117","1.5%","±2.2","0","±19","0.0%","±0.8","0","±19","0.0%","±0.8","23","±46","0.4%","±0.7","0","±19","0.0%","±0.7","0","±14","0.0%","±1.2","0","±14","0.0%","±1.7","0","±14","0.0%","±1.0","0","±14","0.0%","±1.4","0","±14","0.0%","±1.1","0","±14","0.0%","±1.3","0","±14","0.0%","±1.0","37","±59","1.1%","±1.9","3","±6","0.1%","±0.2","0","±19","0.0%","±0.8","0","±14","0.0%","±0.9","0","±14","0.0%","±1.0","0","±14","0.0%","±1.0","0","±14","0.0%","±1.1","0","±14","0.0%","±1.9","0","±19","0.0%","±0.8","0","±14","0.0%","±1.3","0","±19","0.0%","±0.7","0","±14","0.0%","±1.5","0","±19","0.0%","±0.7","0","±14","0.0%","±1.1","0","±14","0.0%","±1.0","0","±14","0.0%","±3.5"
"        Some Other Race","490","±228","11.2%","±5.0","461","±336","14.4%","±9.5","658","±287","13.8%","±5.7","1,216","±705","20.3%","±10.9","592","±394","16.6%","±10.4","1,229","±640","22.0%","±10.2","617","±399","11.9%","±7.2","101","±153","2.0%","±3.0","0","±19","0.0%","±0.8","542","±313","8.5%","±4.9","750","±482","11.9%","±7.9","94","±104","2.7%","±2.9","0","±14","0.0%","±1.7","330","±280","7.8%","±6.6","91","±132","3.0%","±4.5","126","±127","3.3%","±3.5","600","±479","18.0%","±12.4","253","±226","5.9%","±5.2","72","±116","2.2%","±3.5","215","±149","7.1%","±5.0","682","±503","12.2%","±8.9","0","±14","0.0%","±0.9","23","±36","0.5%","±0.9","521","±336","12.3%","±7.9","63","±61","1.6%","±1.6","3","±5","0.1%","±0.2","281","±184","5.2%","±3.3","172","±185","5.2%","±5.6","297","±354","5.1%","±6.0","221","±277","8.0%","±9.9","10","±18","0.2%","±0.3","45","±63","1.2%","±1.7","176","±123","4.2%","±3.0","139","±160","11.5%","±12.5"
"HISPANIC OR LATINO AND RACE","","","","","","","","","","","","","","","","","","","","","","","","","","","","","","","","","","","","","","","","","","","","","","","","","","","","","","","","","","","","","","","","","","","","","","","","","","","","","","","","","","","","","","","","","","","","","","","","","","","","","","","","","","","","","","","","","","","","","","","","","","","","","","","","","","","","","","","",""
"    Total population","4,368","±452","4,368","(X)","3,195","±556","3,195","(X)","4,775","±530","4,775","(X)","5,989","±629","5,989","(X)","3,569","±483","3,569","(X)","5,582","±890","5,582","(X)","5,197","±906","5,197","(X)","5,143","±787","5,143","(X)","5,605","±667","5,605","(X)","6,366","±686","6,366","(X)","6,312","±906","6,312","(X)","3,471","±515","3,471","(X)","2,521","±378","2,521","(X)","4,206","±524","4,206","(X)","3,008","±893","3,008","(X)","3,854","±684","3,854","(X)","3,329","±695","3,329","(X)","4,301","±472","4,301","(X)","3,261","±633","3,261","(X)","3,027","±635","3,027","(X)","5,602","±697","5,602","(X)","4,534","±688","4,534","(X)","4,218","±426","4,218","(X)","4,237","±756","4,237","(X)","3,991","±579","3,991","(X)","2,254","±382","2,254","(X)","5,455","±417","5,455","(X)","3,300","±390","3,300","(X)","5,769","±883","5,769","(X)","2,772","±357","2,772","(X)","6,006","±501","6,006","(X)","3,761","±534","3,761","(X)","4,221","±539","4,221","(X)","1,204","±201","1,204","(X)"
"        Hispanic or Latino (of any race)","954","±307","21.8%","±6.5","543","±334","17.0%","±9.5","1,310","±437","27.4%","±8.1","2,165","±626","36.1%","±8.0","767","±421","21.5%","±11.0","1,879","±661","33.7%","±9.2","845","±327","16.3%","±5.9","135","±163","2.6%","±3.2","0","±19","0.0%","±0.8","594","±292","9.3%","±4.5","855","±411","13.5%","±7.0","113","±103","3.3%","±2.9","0","±14","0.0%","±1.7","369","±274","8.8%","±6.5","1,035","±700","34.4%","±16.9","126","±127","3.3%","±3.5","677","±480","20.3%","±12.4","537","±276","12.5%","±5.9","0","±14","0.0%","±1.3","335","±173","11.1%","±4.7","802","±507","14.3%","±8.9","368","±334","8.1%","±7.3","269","±283","6.4%","±6.6","482","±339","11.4%","±7.9","227","±224","5.7%","±5.7","42","±45","1.9%","±2.0","534","±235","9.8%","±4.0","578","±209","17.5%","±6.2","351","±358","6.1%","±6.0","377","±331","13.6%","±11.3","138","±159","2.3%","±2.7","72","±96","1.9%","±2.5","178","±122","4.2%","±3.0","180","±169","15.0%","±12.7"
"            Mexican","631","±241","14.4%","±5.1","414","±248","13.0%","±7.3","1,114","±421","23.3%","±7.8","1,987","±624","33.2%","±8.3","433","±362","12.1%","±9.7","1,689","±676","30.3%","±9.7","672","±367","12.9%","±6.8","101","±154","2.0%","±3.0","0","±19","0.0%","±0.8","495","±266","7.8%","±4.1","855","±411","13.5%","±7.0","97","±94","2.8%","±2.7","0","±14","0.0%","±1.7","292","±268","6.9%","±6.3","641","±333","21.3%","±8.8","104","±125","2.7%","±3.4","658","±478","19.8%","±12.4","360","±233","8.4%","±5.2","0","±14","0.0%","±1.3","177","±121","5.8%","±3.8","793","±508","14.2%","±8.9","0","±14","0.0%","±0.9","94","±108","2.2%","±2.5","342","±285","8.1%","±6.8","227","±224","5.7%","±5.7","39","±45","1.7%","±2.0","512","±239","9.4%","±4.1","564","±213","17.1%","±6.3","261","±340","4.5%","±5.8","329","±329","11.9%","±11.4","22","±28","0.4%","±0.5","0","±14","0.0%","±1.1","155","±117","3.7%","±2.8","156","±163","13.0%","±12.5"
"            Puerto Rican","33","±36","0.8%","±0.8","0","±14","0.0%","±1.3","46","±87","1.0%","±1.8","94","±137","1.6%","±2.3","5","±9","0.1%","±0.2","15","±16","0.3%","±0.3","54","±69","1.0%","±1.3","14","±23","0.3%","±0.5","0","±19","0.0%","±0.8","0","±19","0.0%","±0.7","0","±19","0.0%","±0.7","0","±14","0.0%","±1.2","0","±14","0.0%","±1.7","77","±100","1.8%","±2.4","56","±143","1.9%","±4.9","0","±14","0.0%","±1.1","9","±16","0.3%","±0.5","0","±14","0.0%","±1.0","0","±14","0.0%","±1.3","2","±4","0.1%","±0.1","0","±19","0.0%","±0.8","271","±295","6.0%","±6.5","154","±179","3.7%","±4.2","140","±182","3.3%","±4.3","0","±14","0.0%","±1.1","3","±5","0.1%","±0.2","22","±33","0.4%","±0.6","0","±14","0.0%","±1.3","36","±53","0.6%","±0.9","18","±28","0.6%","±1.0","13","±21","0.2%","±0.4","61","±95","1.6%","±2.5","9","±16","0.2%","±0.4","24","±44","2.0%","±3.5"
"            Cuban","20","±32","0.5%","±0.7","0","±14","0.0%","±1.3","126","±200","2.6%","±4.2","0","±19","0.0%","±0.7","89","±126","2.5%","±3.6","0","±19","0.0%","±0.8","0","±19","0.0%","±0.8","0","±19","0.0%","±0.8","0","±19","0.0%","±0.8","0","±19","0.0%","±0.7","0","±19","0.0%","±0.7","15","±20","0.4%","±0.6","0","±14","0.0%","±1.7","0","±14","0.0%","±1.0","0","±14","0.0%","±1.4","0","±14","0.0%","±1.1","0","±14","0.0%","±1.3","0","±14","0.0%","±1.0","0","±14","0.0%","±1.3","1","±2","0.0%","±0.1","0","±19","0.0%","±0.8","0","±14","0.0%","±0.9","0","±14","0.0%","±1.0","0","±14","0.0%","±1.0","0","±14","0.0%","±1.1","0","±14","0.0%","±1.9","0","±19","0.0%","±0.8","0","±14","0.0%","±1.3","0","±19","0.0%","±0.7","9","±20","0.3%","±0.7","93","±153","1.5%","±2.6","9","±14","0.2%","±0.4","0","±14","0.0%","±1.0","0","±14","0.0%","±3.5"
"            Other Hispanic or Latino","270","±200","6.2%","±4.6","129","±149","4.0%","±4.4","24","±27","0.5%","±0.6","84","±104","1.4%","±1.7","240","±185","6.7%","±5.1","175","±185","3.1%","±3.4","119","±125","2.3%","±2.5","20","±28","0.4%","±0.6","0","±19","0.0%","±0.8","99","±133","1.6%","±2.1","0","±19","0.0%","±0.7","1","±3","0.0%","±0.1","0","±14","0.0%","±1.7","0","±14","0.0%","±1.0","338","±430","11.2%","±12.5","22","±34","0.6%","±0.9","10","±14","0.3%","±0.4","177","±156","4.1%","±3.5","0","±14","0.0%","±1.3","155","±114","5.1%","±3.2","9","±17","0.2%","±0.3","97","±134","2.1%","±2.9","21","±37","0.5%","±0.9","0","±14","0.0%","±1.0","0","±14","0.0%","±1.1","0","±14","0.0%","±1.9","0","±19","0.0%","±0.8","14","±23","0.4%","±0.7","54","±90","0.9%","±1.6","21","±35","0.8%","±1.2","10","±18","0.2%","±0.3","2","±4","0.1%","±0.1","14","±22","0.3%","±0.5","0","±14","0.0%","±3.5"
"        Not Hispanic or Latino","3,414","±447","78.2%","±6.5","2,652","±493","83.0%","±9.5","3,465","±494","72.6%","±8.1","3,824","±442","63.9%","±8.0","2,802","±506","78.5%","±11.0","3,703","±646","66.3%","±9.2","4,352","±847","83.7%","±5.9","5,008","±809","97.4%","±3.2","5,605","±667","100.0%","±0.8","5,772","±696","90.7%","±4.5","5,457","±1,047","86.5%","±7.0","3,358","±517","96.7%","±2.9","2,521","±378","100.0%","±1.7","3,837","±551","91.2%","±6.5","1,973","±556","65.6%","±16.9","3,728","±732","96.7%","±3.5","2,652","±512","79.7%","±12.4","3,764","±422","87.5%","±5.9","3,261","±633","100.0%","±1.3","2,692","±550","88.9%","±4.7","4,800","±779","85.7%","±8.9","4,166","±719","91.9%","±7.3","3,949","±472","93.6%","±6.6","3,755","±773","88.6%","±7.9","3,764","±617","94.3%","±5.7","2,212","±377","98.1%","±2.0","4,921","±369","90.2%","±4.0","2,722","±400","82.5%","±6.2","5,418","±837","93.9%","±6.0","2,395","±379","86.4%","±11.3","5,868","±524","97.7%","±2.7","3,689","±519","98.1%","±2.5","4,043","±562","95.8%","±3.0","1,024","±171","85.0%","±12.7"
"            White alone","2,289","±308","52.4%","±7.2","2,055","±334","64.3%","±9.8","2,851","±459","59.7%","±8.4","3,159","±405","52.7%","±7.3","1,239","±433","34.7%","±11.6","2,772","±525","49.7%","±9.1","4,042","±853","77.8%","±6.5","4,647","±784","90.4%","±5.0","5,522","±669","98.5%","±1.4","5,401","±654","84.8%","±5.4","5,304","±1,052","84.0%","±7.5","3,029","±571","87.3%","±7.3","2,510","±378","99.6%","±0.7","3,325","±583","79.1%","±9.4","1,859","±566","61.8%","±17.0","3,204","±631","83.1%","±9.3","2,434","±486","73.1%","±11.4","3,282","±433","76.3%","±6.3","3,085","±647","94.6%","±5.3","2,292","±556","75.7%","±7.8","4,094","±715","73.1%","±8.4","4,160","±720","91.8%","±7.3","3,739","±445","88.6%","±6.2","3,414","±775","80.6%","±8.7","3,720","±629","93.2%","±5.9","2,133","±342","94.6%","±4.5","4,448","±421","81.5%","±5.3","2,285","±369","69.2%","±12.9","5,354","±819","92.8%","±6.0","1,856","±368","67.0%","±11.2","4,962","±619","82.6%","±6.1","3,202","±552","85.1%","±6.6","3,284","±559","77.8%","±6.5","877","±175","72.8%","±14.1"
"            Black or African American alone","780","±373","17.9%","±7.8","480","±333","15.0%","±9.3","349","±216","7.3%","±4.3","494","±171","8.2%","±2.8","841","±313","23.6%","±7.7","782","±353","14.0%","±5.8","156","±102","3.0%","±2.1","4","±8","0.1%","±0.2","0","±19","0.0%","±0.8","60","±62","0.9%","±0.9","2","±4","0.0%","±0.1","120","±100","3.5%","±3.0","0","±14","0.0%","±1.7","262","±265","6.2%","±6.3","0","±14","0.0%","±1.4","88","±62","2.3%","±1.6","167","±106","5.0%","±3.3","444","±116","10.3%","±2.9","67","±85","2.1%","±2.6","231","±155","7.6%","±5.3","535","±220","9.6%","±3.8","0","±14","0.0%","±0.9","21","±23","0.5%","±0.6","120","±78","2.8%","±2.0","14","±19","0.4%","±0.5","8","±14","0.4%","±0.6","167","±119","3.1%","±2.2","403","±444","12.2%","±12.6","13","±21","0.2%","±0.4","368","±212","13.3%","±7.9","400","±274","6.7%","±4.7","214","±174","5.7%","±4.7","316","±169","7.5%","±4.0","70","±72","5.8%","±5.9"
"            American Indian and Alaska Native alone","4","±7","0.1%","±0.2","7","±11","0.2%","±0.4","5","±11","0.1%","±0.2","12","±18","0.2%","±0.3","7","±12","0.2%","±0.3","0","±19","0.0%","±0.8","0","±19","0.0%","±0.8","0","±19","0.0%","±0.8","5","±8","0.1%","±0.2","10","±14","0.2%","±0.2","0","±19","0.0%","±0.7","0","±14","0.0%","±1.2","0","±14","0.0%","±1.7","0","±14","0.0%","±1.0","0","±14","0.0%","±1.4","0","±14","0.0%","±1.1","4","±6","0.1%","±0.2","1","±2","0.0%","±0.1","0","±14","0.0%","±1.3","0","±14","0.0%","±1.4","11","±16","0.2%","±0.3","0","±14","0.0%","±0.9","0","±14","0.0%","±1.0","35","±32","0.8%","±0.8","30","±41","0.8%","±1.1","8","±15","0.4%","±0.6","20","±22","0.4%","±0.4","8","±15","0.2%","±0.5","5","±12","0.1%","±0.2","0","±14","0.0%","±1.5","0","±19","0.0%","±0.7","4","±7","0.1%","±0.2","0","±14","0.0%","±1.0","16","±13","1.3%","±1.1"
"            Asian alone","172","±139","3.9%","±3.1","10","±18","0.3%","±0.6","91","±109","1.9%","±2.3","22","±40","0.4%","±0.7","44","±54","1.2%","±1.5","37","±40","0.7%","±0.7","13","±23","0.3%","±0.5","60","±104","1.2%","±2.0","0","±19","0.0%","±0.8","171","±221","2.7%","±3.4","0","±19","0.0%","±0.7","0","±14","0.0%","±1.2","0","±14","0.0%","±1.7","0","±14","0.0%","±1.0","0","±14","0.0%","±1.4","0","±14","0.0%","±1.1","0","±14","0.0%","±1.3","0","±14","0.0%","±1.0","0","±14","0.0%","±1.3","0","±14","0.0%","±1.4","32","±51","0.6%","±0.9","0","±14","0.0%","±0.9","0","±14","0.0%","±1.0","14","±23","0.3%","±0.5","0","±14","0.0%","±1.1","63","±90","2.8%","±3.8","0","±19","0.0%","±0.8","0","±14","0.0%","±1.3","46","±62","0.8%","±1.0","42","±62","1.5%","±2.2","478","±138","8.0%","±2.3","64","±88","1.7%","±2.4","332","±187","7.9%","±4.5","23","±64","1.9%","±5.2"
"            Native Hawaiian and Other Pacific Islander alone","0","±14","0.0%","±1.0","0","±14","0.0%","±1.3","0","±14","0.0%","±0.9","0","±19","0.0%","±0.7","0","±14","0.0%","±1.2","0","±19","0.0%","±0.8","0","±19","0.0%","±0.8","0","±19","0.0%","±0.8","0","±19","0.0%","±0.8","23","±46","0.4%","±0.7","0","±19","0.0%","±0.7","0","±14","0.0%","±1.2","0","±14","0.0%","±1.7","0","±14","0.0%","±1.0","0","±14","0.0%","±1.4","0","±14","0.0%","±1.1","0","±14","0.0%","±1.3","0","±14","0.0%","±1.0","16","±26","0.5%","±0.8","0","±14","0.0%","±1.4","0","±19","0.0%","±0.8","0","±14","0.0%","±0.9","0","±14","0.0%","±1.0","0","±14","0.0%","±1.0","0","±14","0.0%","±1.1","0","±14","0.0%","±1.9","0","±19","0.0%","±0.8","0","±14","0.0%","±1.3","0","±19","0.0%","±0.7","0","±14","0.0%","±1.5","0","±19","0.0%","±0.7","0","±14","0.0%","±1.1","0","±14","0.0%","±1.0","0","±14","0.0%","±3.5"
"            Some Other Race alone","0","±14","0.0%","±1.0","43","±72","1.3%","±2.2","0","±14","0.0%","±0.9","0","±19","0.0%","±0.7","0","±14","0.0%","±1.2","8","±13","0.1%","±0.2","0","±19","0.0%","±0.8","0","±19","0.0%","±0.8","0","±19","0.0%","±0.8","0","±19","0.0%","±0.7","0","±19","0.0%","±0.7","0","±14","0.0%","±1.2","0","±14","0.0%","±1.7","38","±70","0.9%","±1.7","0","±14","0.0%","±1.4","0","±14","0.0%","±1.1","0","±14","0.0%","±1.3","0","±14","0.0%","±1.0","72","±116","2.2%","±3.5","0","±14","0.0%","±1.4","0","±19","0.0%","±0.8","0","±14","0.0%","±0.9","0","±14","0.0%","±1.0","17","±32","0.4%","±0.7","0","±14","0.0%","±1.1","0","±14","0.0%","±1.9","53","±63","1.0%","±1.2","0","±14","0.0%","±1.3","0","±19","0.0%","±0.7","0","±14","0.0%","±1.5","0","±19","0.0%","±0.7","0","±14","0.0%","±1.1","0","±14","0.0%","±1.0","0","±14","0.0%","±3.5"
"            Two or More Races","169","±131","3.9%","±3.0","57","±78","1.8%","±2.5","169","±113","3.5%","±2.4","137","±103","2.3%","±1.7","671","±343","18.8%","±9.5","104","±76","1.9%","±1.4","141","±129","2.7%","±2.5","297","±210","5.8%","±4.0","78","±80","1.4%","±1.4","107","±71","1.7%","±1.2","151","±112","2.4%","±1.8","209","±186","6.0%","±5.3","11","±18","0.4%","±0.7","212","±184","5.0%","±4.4","114","±111","3.8%","±3.8","436","±369","11.3%","±8.8","47","±34","1.4%","±1.0","37","±38","0.9%","±0.9","21","±34","0.6%","±1.1","169","±131","5.6%","±4.3","128","±130","2.3%","±2.4","6","±12","0.1%","±0.3","189","±193","4.5%","±4.5","155","±114","3.7%","±2.8","0","±14","0.0%","±1.1","0","±14","0.0%","±1.9","233","±151","4.3%","±2.8","26","±33","0.8%","±1.0","0","±19","0.0%","±0.7","129","±97","4.7%","±3.4","28","±50","0.5%","±0.8","205","±129","5.5%","±3.4","111","±109","2.6%","±2.6","38","±44","3.2%","±3.5"
"                Two races including Some Other Race","0","±14","0.0%","±1.0","12","±19","0.4%","±0.6","64","±90","1.3%","±1.9","0","±19","0.0%","±0.7","0","±14","0.0%","±1.2","0","±19","0.0%","±0.8","8","±14","0.2%","±0.3","0","±19","0.0%","±0.8","0","±19","0.0%","±0.8","7","±13","0.1%","±0.2","0","±19","0.0%","±0.7","0","±14","0.0%","±1.2","0","±14","0.0%","±1.7","0","±14","0.0%","±1.0","24","±40","0.8%","±1.4","0","±14","0.0%","±1.1","4","±7","0.1%","±0.2","1","±3","0.0%","±0.1","0","±14","0.0%","±1.3","44","±92","1.5%","±3.1","0","±19","0.0%","±0.8","0","±14","0.0%","±0.9","0","±14","0.0%","±1.0","0","±14","0.0%","±1.0","0","±14","0.0%","±1.1","0","±14","0.0%","±1.9","0","±19","0.0%","±0.8","0","±14","0.0%","±1.3","0","±19","0.0%","±0.7","0","±14","0.0%","±1.5","0","±19","0.0%","±0.7","36","±63","1.0%","±1.6","21","±33","0.5%","±0.8","0","±14","0.0%","±3.5"
"                Two races excluding Some Other Race, and three or more races","169","±131","3.9%","±3.0","45","±72","1.4%","±2.3","105","±72","2.2%","±1.5","137","±103","2.3%","±1.7","671","±343","18.8%","±9.5","104","±76","1.9%","±1.4","133","±127","2.6%","±2.4","297","±210","5.8%","±4.0","78","±80","1.4%","±1.4","100","±70","1.6%","±1.1","151","±112","2.4%","±1.8","209","±186","6.0%","±5.3","11","±18","0.4%","±0.7","212","±184","5.0%","±4.4","90","±95","3.0%","±3.2","436","±369","11.3%","±8.8","43","±33","1.3%","±1.0","36","±38","0.8%","±0.9","21","±34","0.6%","±1.1","125","±102","4.1%","±3.3","128","±130","2.3%","±2.4","6","±12","0.1%","±0.3","189","±193","4.5%","±4.5","155","±114","3.7%","±2.8","0","±14","0.0%","±1.1","0","±14","0.0%","±1.9","233","±151","4.3%","±2.8","26","±33","0.8%","±1.0","0","±19","0.0%","±0.7","129","±97","4.7%","±3.4","28","±50","0.5%","±0.8","169","±104","4.5%","±2.8","90","±91","2.1%","±2.1","38","±44","3.2%","±3.5"
"Total housing units","2,280","±159","(X)","(X)","1,781","±232","(X)","(X)","2,081","±261","(X)","(X)","2,609","±224","(X)","(X)","1,265","±154","(X)","(X)","2,161","±273","(X)","(X)","2,093","±272","(X)","(X)","2,217","±265","(X)","(X)","2,547","±344","(X)","(X)","2,893","±271","(X)","(X)","2,881","±456","(X)","(X)","1,567","±146","(X)","(X)","1,201","±286","(X)","(X)","1,713","±203","(X)","(X)","1,226","±212","(X)","(X)","2,107","±304","(X)","(X)","1,296","±191","(X)","(X)","1,719","±160","(X)","(X)","1,402","±171","(X)","(X)","1,075","±147","(X)","(X)","2,432","±353","(X)","(X)","2,029","±281","(X)","(X)","1,966","±178","(X)","(X)","1,703","±189","(X)","(X)","1,633","±168","(X)","(X)","1,147","±206","(X)","(X)","2,118","±303","(X)","(X)","1,372","±152","(X)","(X)","2,268","±203","(X)","(X)","1,419","±182","(X)","(X)","2,162","±196","(X)","(X)","1,512","±213","(X)","(X)","1,811","±163","(X)","(X)","563","±69","(X)","(X)"
"CITIZEN, VOTING AGE POPULATION","","","","","","","","","","","","","","","","","","","","","","","","","","","","","","","","","","","","","","","","","","","","","","","","","","","","","","","","","","","","","","","","","","","","","","","","","","","","","","","","","","","","","","","","","","","","","","","","","","","","","","","","","","","","","","","","","","","","","","","","","","","","","","","","","","","","","","","",""
"    Citizen, 18 and over population","3,293","±324","3,293","(X)","2,251","±381","2,251","(X)","3,313","±408","3,313","(X)","3,848","±390","3,848","(X)","1,930","±341","1,930","(X)","3,363","±446","3,363","(X)","3,626","±643","3,626","(X)","3,957","±660","3,957","(X)","4,561","±674","4,561","(X)","4,971","±664","4,971","(X)","4,725","±871","4,725","(X)","2,643","±308","2,643","(X)","2,012","±334","2,012","(X)","3,192","±439","3,192","(X)","1,816","±398","1,816","(X)","3,178","±586","3,178","(X)","2,395","±465","2,395","(X)","3,159","±393","3,159","(X)","2,448","±559","2,448","(X)","1,900","±324","1,900","(X)","4,114","±671","4,114","(X)","3,435","±442","3,435","(X)","3,463","±377","3,463","(X)","3,280","±530","3,280","(X)","3,190","±521","3,190","(X)","1,777","±351","1,777","(X)","3,793","±297","3,793","(X)","2,328","±355","2,328","(X)","4,274","±615","4,274","(X)","2,193","±305","2,193","(X)","4,683","±526","4,683","(X)","2,993","±410","2,993","(X)","2,972","±371","2,972","(X)","931","±121","931","(X)"
"        Male","1,900","±286","57.7%","±5.0","1,061","±173","47.1%","±5.3","1,566","±241","47.3%","±4.7","1,835","±294","47.7%","±5.3","948","±216","49.1%","±6.4","1,783","±328","53.0%","±6.0","1,774","±317","48.9%","±4.1","1,973","±453","49.9%","±5.7","2,188","±372","48.0%","±3.8","2,543","±429","51.2%","±3.9","2,642","±499","55.9%","±3.9","1,412","±209","53.4%","±4.2","839","±134","41.7%","±7.4","1,462","±336","45.8%","±6.9","835","±239","46.0%","±6.7","1,853","±412","58.3%","±5.2","1,168","±340","48.8%","±7.6","1,507","±334","47.7%","±7.0","1,291","±330","52.7%","±5.7","907","±214","47.7%","±4.8","2,076","±414","50.5%","±4.0","1,683","±233","49.0%","±3.7","1,680","±275","48.5%","±5.6","1,460","±363","44.5%","±6.3","1,358","±228","42.6%","±3.9","864","±227","48.6%","±6.4","1,761","±226","46.4%","±4.4","1,141","±204","49.0%","±5.4","2,064","±341","48.3%","±3.7","893","±170","40.7%","±5.7","2,340","±277","50.0%","±5.0","1,562","±248","52.2%","±4.4","1,310","±208","44.1%","±5.4","418","±71","44.9%","±5.2"
"        Female","1,393","±176","42.3%","±5.0","1,190","±270","52.9%","±5.3","1,747","±274","52.7%","±4.7","2,013","±265","52.3%","±5.3","982","±206","50.9%","±6.4","1,580","±269","47.0%","±6.0","1,852","±389","51.1%","±4.1","1,984","±339","50.1%","±5.7","2,373","±386","52.0%","±3.8","2,428","±337","48.8%","±3.9","2,083","±445","44.1%","±3.9","1,231","±170","46.6%","±4.2","1,173","±301","58.3%","±7.4","1,730","±272","54.2%","±6.9","981","±224","54.0%","±6.7","1,325","±260","41.7%","±5.2","1,227","±233","51.2%","±7.6","1,652","±250","52.3%","±7.0","1,157","±295","47.3%","±5.7","993","±150","52.3%","±4.8","2,038","±330","49.5%","±4.0","1,752","±274","51.0%","±3.7","1,783","±264","51.5%","±5.6","1,820","±297","55.5%","±6.3","1,832","±347","57.4%","±3.9","913","±189","51.4%","±6.4","2,032","±220","53.6%","±4.4","1,187","±228","51.0%","±5.4","2,210","±350","51.7%","±3.7","1,300","±227","59.3%","±5.7","2,343","±414","50.0%","±5.0","1,431","±238","47.8%","±4.4","1,662","±284","55.9%","±5.4","513","±85","55.1%","±5.2"